StartDate,EndDate,Status,IPAddress,Progress,Duration (in seconds),Finished,RecordedDate,ResponseId,RecipientLastName,RecipientFirstName,RecipientEmail,ExternalReference,LocationLatitude,LocationLongitude,DistributionChannel,UserLanguage,Q1.1_First Click,Q1.1_Last Click,Q1.1_Page Submit,Q1.1_Click Count,Q1.3,Q2.1,Q3.1_First Click,Q3.1_Last Click,Q3.1_Page Submit,Q3.1_Click Count,Q3.4_First Click,Q3.4_Last Click,Q3.4_Page Submit,Q3.4_Click Count,Q3.10_First Click,Q3.10_Last Click,Q3.10_Page Submit,Q3.10_Click Count,Q3.13_1,Q4.1_First Click,Q4.1_Last Click,Q4.1_Page Submit,Q4.1_Click Count,Q5.1_First Click,Q5.1_Last Click,Q5.1_Page Submit,Q5.1_Click Count,Q6.1_First Click,Q6.1_Last Click,Q6.1_Page Submit,Q6.1_Click Count,Q7.1_First Click,Q7.1_Last Click,Q7.1_Page Submit,Q7.1_Click Count,Q8.2_First Click,Q8.2_Last Click,Q8.2_Page Submit,Q8.2_Click Count,Q8.4,Q8.5,Q8.6,Q9.1_First Click,Q9.1_Last Click,Q9.1_Page Submit,Q9.1_Click Count,Q9.3,Q9.4,Q9.5,Q9.6,Q12.1_First Click,Q12.1_Last Click,Q12.1_Page Submit,Q12.1_Click Count,Q12.6_1,Q12.7_First Click,Q12.7_Last Click,Q12.7_Page Submit,Q12.7_Click Count,Q12.11_1,Q13.2_First Click,Q13.2_Last Click,Q13.2_Page Submit,Q13.2_Click Count,Q13.7_1,Q13.8_First Click,Q13.8_Last Click,Q13.8_Page Submit,Q13.8_Click Count,Q13.12_1,Q14.2_First Click,Q14.2_Last Click,Q14.2_Page Submit,Q14.2_Click Count,Q14.7_1,Q14.8_First Click,Q14.8_Last Click,Q14.8_Page Submit,Q14.8_Click Count,Q14.12_1,Q15.2_First Click,Q15.2_Last Click,Q15.2_Page Submit,Q15.2_Click Count,Q15.7_1,Q15.8_First Click,Q15.8_Last Click,Q15.8_Page Submit,Q15.8_Click Count,Q15.12_1,Q16.1_First Click,Q16.1_Last Click,Q16.1_Page Submit,Q16.1_Click Count,Q16.2_1,Q17.2_First Click,Q17.2_Last Click,Q17.2_Page Submit,Q17.2_Click Count,Q17.7_1,Q17.8_First Click,Q17.8_Last Click,Q17.8_Page Submit,Q17.8_Click Count,Q17.12_1,Q18.2_First Click,Q18.2_Last Click,Q18.2_Page Submit,Q18.2_Click Count,Q18.7_1,Q18.8_First Click,Q18.8_Last Click,Q18.8_Page Submit,Q18.8_Click Count,Q18.12_1,Q19.2_First Click,Q19.2_Last Click,Q19.2_Page Submit,Q19.2_Click Count,Q19.7_1,Q19.8_First Click,Q19.8_Last Click,Q19.8_Page Submit,Q19.8_Click Count,Q19.12_1,Q20.2_First Click,Q20.2_Last Click,Q20.2_Page Submit,Q20.2_Click Count,Q20.7_1,Q20.8_First Click,Q20.8_Last Click,Q20.8_Page Submit,Q20.8_Click Count,Q20.12_1,Q21.1_First Click,Q21.1_Last Click,Q21.1_Page Submit,Q21.1_Click Count,Q21.2,Q23.2_First Click,Q23.2_Last Click,Q23.2_Page Submit,Q23.2_Click Count,Q23.7_1,Q23.8_First Click,Q23.8_Last Click,Q23.8_Page Submit,Q23.8_Click Count,Q23.12_1,Q24.3,Q24.4,Q24.6,Q24.7,Q25.2,Q25.3,Q25.4,Q25.5,Q25.6,Q25.6_4_TEXT,Q25.7,Q25.7_6_TEXT,Q25.8,Q25.9,Q26.1,Q27.2_First Click,Q27.2_Last Click,Q27.2_Page Submit,Q27.2_Click Count,base_fee,bonus_per_q,max_bonus,min_payment,max_payment,num_scenarios,num_q_per_sce,ResponseID,total_bonus,total_payment,PROLIFIC_PID,response_type,sce_1_n_red_urn,sce_2_n_red_urn,sce_3_n_red_urn,sce_4_n_red_urn,sce_5_n_red_urn,sce_6_n_red_urn,sce_7_n_red_urn,sce_8_n_red_urn,sce_9_n_red_urn,sce_1_n_blue_urn,sce_2_n_blue_urn,sce_3_n_blue_urn,sce_4_n_blue_urn,sce_5_n_blue_urn,sce_6_n_blue_urn,sce_7_n_blue_urn,sce_8_n_blue_urn,sce_9_n_blue_urn,sce_10_n_blue_urn,sce_11_n_blue_urn,sce_1_n_red_ball_red_urn,sce_2_n_red_ball_red_urn,sce_3_n_red_ball_red_urn,sce_4_n_red_ball_red_urn,sce_5_n_red_ball_red_urn,sce_6_n_red_ball_red_urn,sce_7_n_red_ball_red_urn,sce_8_n_red_ball_red_urn,sce_9_n_red_ball_red_urn,sce_1_n_blue_ball_red_urn,sce_2_n_blue_ball_red_urn,sce_3_n_blue_ball_red_urn,sce_4_n_blue_ball_red_urn,sce_5_n_blue_ball_red_urn,sce_6_n_blue_ball_red_urn,sce_7_n_blue_ball_red_urn,sce_8_n_blue_ball_red_urn,sce_9_n_blue_ball_red_urn,sce_10_n_blue_ball_red_urn,sce_11_n_blue_ball_red_urn,sce_1_rand_num_1,sce_1_rand_num_2,sce_1_rand_num_3,sce_2_rand_num_1,sce_2_rand_num_2,sce_2_rand_num_3,sce_3_rand_num_1,sce_3_rand_num_2,sce_3_rand_num_3,sce_4_rand_num_1,sce_4_rand_num_2,sce_4_rand_num_3,sce_5_rand_num_1,sce_5_rand_num_2,sce_5_rand_num_3,sce_6_rand_num_1,sce_6_rand_num_2,sce_6_rand_num_3,sce_7_rand_num_1,sce_7_rand_num_2,sce_7_rand_num_3,sce_8_rand_num_1,sce_8_rand_num_2,sce_8_rand_num_3,sce_9_rand_num_1,sce_9_rand_num_2,sce_9_rand_num_3,sce_10_rand_num_1,sce_10_rand_num_2,sce_10_rand_num_3,sce_11_rand_num_1,sce_11_rand_num_2,sce_11_rand_num_3,sce_1_urn_color,sce_2_urn_color,sce_3_urn_color,sce_4_urn_color,sce_5_urn_color,sce_6_urn_color,sce_7_urn_color,sce_8_urn_color,sce_9_urn_color,sce_10_urn_color,sce_11_urn_color,sce_1_ball_1_color,sce_2_ball_1_color,sce_3_ball_1_color,sce_4_ball_1_color,sce_5_ball_1_color,sce_6_ball_1_color,sce_7_ball_1_color,sce_8_ball_1_color,sce_9_ball_1_color,sce_10_ball_1_color,sce_11_ball_1_color,sce_1_ball_2_color,sce_2_ball_2_color,sce_3_ball_2_color,sce_4_ball_2_color,sce_5_ball_2_color,sce_6_ball_2_color,sce_7_ball_2_color,sce_8_ball_2_color,sce_9_ball_2_color,sce_10_ball_2_color,sce_11_ball_2_color,treatment,sce_1_guess_1,sce_1_guess_2,sce_1_guess_3,sce_2_guess_1,sce_2_guess_2,sce_2_guess_3,sce_3_guess_1,sce_3_guess_2,sce_3_guess_3,attn_check_1_correct_answer,attn_check_1_response,attn_check_1_pass,sce_4_guess_1,sce_4_guess_2,sce_4_guess_3,sce_5_guess_1,sce_5_guess_2,sce_5_guess_3,sce_6_guess_1,sce_6_guess_2,sce_6_guess_3,sce_7_guess_1,sce_7_guess_2,sce_7_guess_3,attn_check_2_correct_answer,attn_check_2_response,attn_check_2_pass,attn_check_both_failed,sce_8_guess_1,sce_8_guess_2,sce_8_guess_3,sce_9_guess_1,sce_9_guess_2,sce_9_guess_3,sce_1_q_1_bonus,sce_1_q_2_bonus,sce_1_q_3_bonus,sce_2_q_1_bonus,sce_2_q_2_bonus,sce_2_q_3_bonus,sce_3_q_1_bonus,sce_3_q_2_bonus,sce_3_q_3_bonus,sce_4_q_1_bonus,sce_4_q_2_bonus,sce_4_q_3_bonus,sce_5_q_1_bonus,sce_5_q_2_bonus,sce_5_q_3_bonus,sce_6_q_1_bonus,sce_6_q_2_bonus,sce_6_q_3_bonus,sce_7_q_1_bonus,sce_7_q_2_bonus,sce_7_q_3_bonus,sce_8_q_1_bonus,sce_8_q_2_bonus,sce_8_q_3_bonus,sce_9_q_1_bonus,sce_9_q_2_bonus,sce_9_q_3_bonus,sce_10_q_1_bonus,sce_10_q_2_bonus,sce_10_q_3_bonus,sce_11_q_1_bonus,sce_11_q_2_bonus,sce_11_q_3_bonus,sce_1_q_1_pay_method,sce_1_q_2_pay_method,sce_1_q_3_pay_method,sce_2_q_1_pay_method,sce_2_q_2_pay_method,sce_2_q_3_pay_method,sce_3_q_1_pay_method,sce_3_q_2_pay_method,sce_3_q_3_pay_method,sce_4_q_1_pay_method,sce_4_q_2_pay_method,sce_4_q_3_pay_method,sce_5_q_1_pay_method,sce_5_q_2_pay_method,sce_5_q_3_pay_method,sce_6_q_1_pay_method,sce_6_q_2_pay_method,sce_6_q_3_pay_method,sce_7_q_1_pay_method,sce_7_q_2_pay_method,sce_7_q_3_pay_method,sce_8_q_1_pay_method,sce_8_q_2_pay_method,sce_8_q_3_pay_method,sce_9_q_1_pay_method,sce_9_q_2_pay_method,sce_9_q_3_pay_method,sce_10_q_1_pay_method,sce_10_q_2_pay_method,sce_10_q_3_pay_method,sce_11_q_1_pay_method,sce_11_q_2_pay_method,sce_11_q_3_pay_method,request_info
Start Date,End Date,Response Type,IP Address,Progress,Duration (in seconds),Finished,Recorded Date,Response ID,Recipient Last Name,Recipient First Name,Recipient Email,External Data Reference,Location Latitude,Location Longitude,Distribution Channel,User Language,Timing - First Click,Timing - Last Click,Timing - Page Submit,Timing - Click Count,Do you consent to participating in this study?,"What is your Prolific ID?
Please note that this response should auto-fill with the correct ID.",Timing - First Click,Timing - Last Click,Timing - Page Submit,Timing - Click Count,Timing - First Click,Timing - Last Click,Timing - Page Submit,Timing - Click Count,Timing - First Click,Timing - Last Click,Timing - Page Submit,Timing - Click Count,Please drag the slider below to indicate what you believe are the chances out of 100 that the selected urn is red. - Chances out of 100 that the selected urn is red,Timing - First Click,Timing - Last Click,Timing - Page Submit,Timing - Click Count,Timing - First Click,Timing - Last Click,Timing - Page Submit,Timing - Click Count,Timing - First Click,Timing - Last Click,Timing - Page Submit,Timing - Click Count,Timing - First Click,Timing - Last Click,Timing - Page Submit,Timing - Click Count,Timing - First Click,Timing - Last Click,Timing - Page Submit,Timing - Click Count,How many scenarios are there in the experiment?,What is your main task in each scenario?,How many guesses will you make in each scenario?,Timing - First Click,Timing - Last Click,Timing - Page Submit,Timing - Click Count,"Suppose that in question A, the computer draws a random number and it is 39. Your guess for the chance of the selected urn being red is 47. What is the payment method the computer will select for calculating the bonus payment in this question?","Following the previous question, if the selected urn is blue, what is your bonus payment in this question?","Suppose that in question B, the random number N drawn by the computer was 70 and you report a guess of 28. What will be the payment method chosen?",What are your chances of winning the bonus in question B given the above information?,Timing - First Click,Timing - Last Click,Timing - Page Submit,Timing - Click Count,"What is the chance that the selected urn is red?



Please use the slider below to indicate what you believe are the chances out of 100 that the selected urn is red.
 
Click the button below if you need to review the information for this scenario again.

 
       Show/hide information  

 
 
In this scenario, there are [Field-sce_1_n_red_urn] red urns and [Field-sce_1_n_blue_urn] blue urns. In each red urn, there are [Field-sce_1_n_red_ball_red_urn] red balls and [Field-sce_1_n_blue_ball_red_urn] blue balls. In each blue urn, there are [Field-sce_1_n_blue_ball_red_urn] red balls and [Field-sce_1_n_red_ball_red_urn] blue balls.

 
The balls are mixed well and the computer has randomly selected an urn out of these 10 urns. Questions in this scenario are about this randomly selected urn. - Chances out of 100 that the selected urn is red",Timing - First Click,Timing - Last Click,Timing - Page Submit,Timing - Click Count,"Please use the slider below to indicate what you believe now are the chances out of 100 that the selected urn is red.
 
Click the button below if you need to review the information for this scenario again.

 
       Show/hide information  

 
 
In this scenario, there are [Field-sce_1_n_red_urn] red urns and [Field-sce_1_n_blue_urn] blue urns. In each red urn, there are [Field-sce_1_n_red_ball_red_urn] red balls and [Field-sce_1_n_blue_ball_red_urn] blue balls. In each blue urn, there are [Field-sce_1_n_blue_ball_red_urn] red balls and [Field-sce_1_n_red_ball_red_urn] blue balls.

 
The balls are mixed well and the computer has randomly selected an urn out of these 10 urns. Questions in this scenario are about this randomly selected urn. - Chances out of 100 that the selected urn is red",Timing - First Click,Timing - Last Click,Timing - Page Submit,Timing - Click Count,"What is the chance that the selected urn is red?



Please use the slider below to indicate what you believe are the chances out of 100 that the selected urn is red.
 
Click the button below if you need to review the information for this scenario again.

 
       Show/hide information  

 
 
In this scenario, there are [Field-sce_2_n_red_urn] red urns and [Field-sce_2_n_blue_urn] blue urns. In each red urn, there are [Field-sce_2_n_red_ball_red_urn] red balls and [Field-sce_2_n_blue_ball_red_urn] blue balls. In each blue urn, there are [Field-sce_2_n_blue_ball_red_urn] red balls and [Field-sce_2_n_red_ball_red_urn] blue balls.

 
The balls are mixed well and the computer has randomly selected an urn out of these 10 urns. Questions in this scenario are about this randomly selected urn. - Chances out of 100 that the selected urn is red",Timing - First Click,Timing - Last Click,Timing - Page Submit,Timing - Click Count,"Please use the slider below to indicate what you believe now are the chances out of 100 that the selected urn is red.
 
Click the button below if you need to review the information for this scenario again.

 
       Show/hide information  

 
 
In this scenario, there are [Field-sce_2_n_red_urn] red urns and [Field-sce_2_n_blue_urn] blue urns. In each red urn, there are [Field-sce_2_n_red_ball_red_urn] red balls and [Field-sce_2_n_blue_ball_red_urn] blue balls. In each blue urn, there are [Field-sce_2_n_blue_ball_red_urn] red balls and [Field-sce_2_n_red_ball_red_urn] blue balls.

 
The balls are mixed well and the computer has randomly selected an urn out of these 10 urns. Questions in this scenario are about this randomly selected urn. - Chances out of 100 that the selected urn is red",Timing - First Click,Timing - Last Click,Timing - Page Submit,Timing - Click Count,"What is the chance that the selected urn is red?



Please use the slider below to indicate what you believe are the chances out of 100 that the selected urn is red.
 
Click the button below if you need to review the information for this scenario again.

 
       Show/hide information  

 
 
In this scenario, there are [Field-sce_3_n_red_urn] red urns and [Field-sce_3_n_blue_urn] blue urns. In each red urn, there are [Field-sce_3_n_red_ball_red_urn] red balls and [Field-sce_3_n_blue_ball_red_urn] blue balls. In each blue urn, there are [Field-sce_3_n_blue_ball_red_urn] red balls and [Field-sce_3_n_red_ball_red_urn] blue balls.

 
The balls are mixed well and the computer has randomly selected an urn out of these 10 urns. Questions in this scenario are about this randomly selected urn. - Chances out of 100 that the selected urn is red",Timing - First Click,Timing - Last Click,Timing - Page Submit,Timing - Click Count,"Please use the slider below to indicate what you believe now are the chances out of 100 that the selected urn is red.
 
Click the button below if you need to review the information for this scenario again.

 
       Show/hide information  

 
 
In this scenario, there are [Field-sce_3_n_red_urn] red urns and [Field-sce_3_n_blue_urn] blue urns. In each red urn, there are [Field-sce_3_n_red_ball_red_urn] red balls and [Field-sce_3_n_blue_ball_red_urn] blue balls. In each blue urn, there are [Field-sce_3_n_blue_ball_red_urn] red balls and [Field-sce_3_n_red_ball_red_urn] blue balls.

 
The balls are mixed well and the computer has randomly selected an urn out of these 10 urns. Questions in this scenario are about this randomly selected urn. - Chances out of 100 that the selected urn is red",Timing - First Click,Timing - Last Click,Timing - Page Submit,Timing - Click Count,"What is the chance that the selected urn is red?



Please use the slider below to indicate what you believe are the chances out of 100 that the selected urn is red.
 
Click the button below if you need to review the information for this scenario again.

 
       Show/hide information  

 
 
In this scenario, there are [Field-sce_4_n_red_urn] red urns and [Field-sce_4_n_blue_urn] blue urns. In each red urn, there are [Field-sce_4_n_red_ball_red_urn] red balls and [Field-sce_4_n_blue_ball_red_urn] blue balls. In each blue urn, there are [Field-sce_4_n_blue_ball_red_urn] red balls and [Field-sce_4_n_red_ball_red_urn] blue balls.

 
The balls are mixed well and the computer has randomly selected an urn out of these 10 urns. Questions in this scenario are about this randomly selected urn. - Chances out of 100 that the selected urn is red",Timing - First Click,Timing - Last Click,Timing - Page Submit,Timing - Click Count,"Please use the slider below to indicate what you believe now are the chances out of 100 that the selected urn is red.
 
Click the button below if you need to review the information for this scenario again.

 
       Show/hide information  

 
 
In this scenario, there are [Field-sce_4_n_red_urn] red urns and [Field-sce_4_n_blue_urn] blue urns. In each red urn, there are [Field-sce_4_n_red_ball_red_urn] red balls and [Field-sce_4_n_blue_ball_red_urn] blue balls. In each blue urn, there are [Field-sce_4_n_blue_ball_red_urn] red balls and [Field-sce_4_n_red_ball_red_urn] blue balls.

 
The balls are mixed well and the computer has randomly selected an urn out of these 10 urns. Questions in this scenario are about this randomly selected urn. - Chances out of 100 that the selected urn is red",Timing - First Click,Timing - Last Click,Timing - Page Submit,Timing - Click Count,"It is very important that you pay attention to the questions in this experiment. If you are reading this carefully, please select [Field-attn_check_1_correct_answer] on the slider below. This is an attention check.

Based on the text you read above, please select a number. - Select the appropriate number",Timing - First Click,Timing - Last Click,Timing - Page Submit,Timing - Click Count,"What is the chance that the selected urn is red?



Please use the slider below to indicate what you believe are the chances out of 100 that the selected urn is red.
 
Click the button below if you need to review the information for this scenario again.

 
       Show/hide information  

 
 
In this scenario, there are [Field-sce_5_n_red_urn] red urns and [Field-sce_5_n_blue_urn] blue urns. In each red urn, there are [Field-sce_5_n_red_ball_red_urn] red balls and [Field-sce_5_n_blue_ball_red_urn] blue balls. In each blue urn, there are [Field-sce_5_n_blue_ball_red_urn] red balls and [Field-sce_5_n_red_ball_red_urn] blue balls.

 
The balls are mixed well and the computer has randomly selected an urn out of these 10 urns. Questions in this scenario are about this randomly selected urn. - Chances out of 100 that the selected urn is red",Timing - First Click,Timing - Last Click,Timing - Page Submit,Timing - Click Count,"Please use the slider below to indicate what you believe now are the chances out of 100 that the selected urn is red.
 
Click the button below if you need to review the information for this scenario again.

 
       Show/hide information  

 
 
In this scenario, there are [Field-sce_5_n_red_urn] red urns and [Field-sce_5_n_blue_urn] blue urns. In each red urn, there are [Field-sce_5_n_red_ball_red_urn] red balls and [Field-sce_5_n_blue_ball_red_urn] blue balls. In each blue urn, there are [Field-sce_5_n_blue_ball_red_urn] red balls and [Field-sce_5_n_red_ball_red_urn] blue balls.

 
The balls are mixed well and the computer has randomly selected an urn out of these 10 urns. Questions in this scenario are about this randomly selected urn. - Chances out of 100 that the selected urn is red",Timing - First Click,Timing - Last Click,Timing - Page Submit,Timing - Click Count,"What is the chance that the selected urn is red?



Please use the slider below to indicate what you believe are the chances out of 100 that the selected urn is red.
 
Click the button below if you need to review the information for this scenario again.

 
       Show/hide information  

 
 
In this scenario, there are [Field-sce_6_n_red_urn] red urns and [Field-sce_6_n_blue_urn] blue urns. In each red urn, there are [Field-sce_6_n_red_ball_red_urn] red balls and [Field-sce_6_n_blue_ball_red_urn] blue balls. In each blue urn, there are [Field-sce_6_n_blue_ball_red_urn] red balls and [Field-sce_6_n_red_ball_red_urn] blue balls.

 
The balls are mixed well and the computer has randomly selected an urn out of these 10 urns. Questions in this scenario are about this randomly selected urn. - Chances out of 100 that the selected urn is red",Timing - First Click,Timing - Last Click,Timing - Page Submit,Timing - Click Count,"Please use the slider below to indicate what you believe now are the chances out of 100 that the selected urn is red.
 
Click the button below if you need to review the information for this scenario again.

 
       Show/hide information  

 
 
In this scenario, there are [Field-sce_6_n_red_urn] red urns and [Field-sce_6_n_blue_urn] blue urns. In each red urn, there are [Field-sce_6_n_red_ball_red_urn] red balls and [Field-sce_6_n_blue_ball_red_urn] blue balls. In each blue urn, there are [Field-sce_6_n_blue_ball_red_urn] red balls and [Field-sce_6_n_red_ball_red_urn] blue balls.

 
The balls are mixed well and the computer has randomly selected an urn out of these 10 urns. Questions in this scenario are about this randomly selected urn. - Chances out of 100 that the selected urn is red",Timing - First Click,Timing - Last Click,Timing - Page Submit,Timing - Click Count,"What is the chance that the selected urn is red?



Please use the slider below to indicate what you believe are the chances out of 100 that the selected urn is red.
 
Click the button below if you need to review the information for this scenario again.

 
       Show/hide information  

 
 
In this scenario, there are [Field-sce_7_n_red_urn] red urns and [Field-sce_7_n_blue_urn] blue urns. In each red urn, there are [Field-sce_7_n_red_ball_red_urn] red balls and [Field-sce_7_n_blue_ball_red_urn] blue balls. In each blue urn, there are [Field-sce_7_n_blue_ball_red_urn] red balls and [Field-sce_7_n_red_ball_red_urn] blue balls.

 
The balls are mixed well and the computer has randomly selected an urn out of these 10 urns. Questions in this scenario are about this randomly selected urn. - Chances out of 100 that the selected urn is red",Timing - First Click,Timing - Last Click,Timing - Page Submit,Timing - Click Count,"Please use the slider below to indicate what you believe now are the chances out of 100 that the selected urn is red.
 
Click the button below if you need to review the information for this scenario again.

 
       Show/hide information  

 
 
In this scenario, there are [Field-sce_7_n_red_urn] red urns and [Field-sce_7_n_blue_urn] blue urns. In each red urn, there are [Field-sce_7_n_red_ball_red_urn] red balls and [Field-sce_7_n_blue_ball_red_urn] blue balls. In each blue urn, there are [Field-sce_7_n_blue_ball_red_urn] red balls and [Field-sce_7_n_red_ball_red_urn] blue balls.

 
The balls are mixed well and the computer has randomly selected an urn out of these 10 urns. Questions in this scenario are about this randomly selected urn. - Chances out of 100 that the selected urn is red",Timing - First Click,Timing - Last Click,Timing - Page Submit,Timing - Click Count,"What is the chance that the selected urn is red?



Please use the slider below to indicate what you believe are the chances out of 100 that the selected urn is red.
 
Click the button below if you need to review the information for this scenario again.

 
       Show/hide information  

 
 
In this scenario, there are [Field-sce_8_n_red_urn] red urns and [Field-sce_8_n_blue_urn] blue urns. In each red urn, there are [Field-sce_8_n_red_ball_red_urn] red balls and [Field-sce_8_n_blue_ball_red_urn] blue balls. In each blue urn, there are [Field-sce_8_n_blue_ball_red_urn] red balls and [Field-sce_8_n_red_ball_red_urn] blue balls.

 
The balls are mixed well and the computer has randomly selected an urn out of these 10 urns. Questions in this scenario are about this randomly selected urn. - Chances out of 100 that the selected urn is red",Timing - First Click,Timing - Last Click,Timing - Page Submit,Timing - Click Count,"Please use the slider below to indicate what you believe now are the chances out of 100 that the selected urn is red.
 
Click the button below if you need to review the information for this scenario again.

 
       Show/hide information  

 
 
In this scenario, there are [Field-sce_8_n_red_urn] red urns and [Field-sce_8_n_blue_urn] blue urns. In each red urn, there are [Field-sce_8_n_red_ball_red_urn] red balls and [Field-sce_8_n_blue_ball_red_urn] blue balls. In each blue urn, there are [Field-sce_8_n_blue_ball_red_urn] red balls and [Field-sce_8_n_red_ball_red_urn] blue balls.

 
The balls are mixed well and the computer has randomly selected an urn out of these 10 urns. Questions in this scenario are about this randomly selected urn. - Chances out of 100 that the selected urn is red",Timing - First Click,Timing - Last Click,Timing - Page Submit,Timing - Click Count,"If you are reading this paragraph carefully, please select the color [Field-attn_check_2_correct_answer] when you are asked to select your favorite color. This is an attention check. Thank you for your time and effort!

Based on the text above, please select the color you have been asked to enter.",Timing - First Click,Timing - Last Click,Timing - Page Submit,Timing - Click Count,"What is the chance that the selected urn is red?



Please use the slider below to indicate what you believe are the chances out of 100 that the selected urn is red.
 
Click the button below if you need to review the information for this scenario again.

 
       Show/hide information  

 
 
In this scenario, there are [Field-sce_9_n_red_urn] red urns and [Field-sce_9_n_blue_urn] blue urns. In each red urn, there are [Field-sce_9_n_red_ball_red_urn] red balls and [Field-sce_9_n_blue_ball_red_urn] blue balls. In each blue urn, there are [Field-sce_9_n_blue_ball_red_urn] red balls and [Field-sce_9_n_red_ball_red_urn] blue balls.

 
The balls are mixed well and the computer has randomly selected an urn out of these 10 urns. Questions in this scenario are about this randomly selected urn. - Chances out of 100 that the selected urn is red",Timing - First Click,Timing - Last Click,Timing - Page Submit,Timing - Click Count,"Please use the slider below to indicate what you believe now are the chances out of 100 that the selected urn is red.
 
Click the button below if you need to review the information for this scenario again.

 
       Show/hide information  

 
 
In this scenario, there are [Field-sce_9_n_red_urn] red urns and [Field-sce_9_n_blue_urn] blue urns. In each red urn, there are [Field-sce_9_n_red_ball_red_urn] red balls and [Field-sce_9_n_blue_ball_red_urn] blue balls. In each blue urn, there are [Field-sce_9_n_blue_ball_red_urn] red balls and [Field-sce_9_n_red_ball_red_urn] blue balls.

 
The balls are mixed well and the computer has randomly selected an urn out of these 10 urns. Questions in this scenario are about this randomly selected urn. - Chances out of 100 that the selected urn is red",How will your bonus payment be determined?,What are your chances of winning the bonus for this question?,How will your bonus payment be determined?,What are your chances of winning the bonus for this question?,How did you make your guesses? We would really appreciate it if you could write down your thought process.,Do you have any other feedback for the survey? We would greatly appreciate your feedback!,What is your age?,What is the highest education level you have completed?,What is your gender? - Selected Choice,What is your gender? - Other (please specify) - Text,What is your race? - Selected Choice,What is your race? - Other - Text,Have you taken coursework on any of the following topics? Select all that apply,Is there any part of the instructions which you didn't understand?,Would you like to see the full mathematical details on how the bonus is calculated?,Timing - First Click,Timing - Last Click,Timing - Page Submit,Timing - Click Count,base_fee,bonus_per_q,max_bonus,min_payment,max_payment,num_scenarios,num_q_per_sce,ResponseID,total_bonus,total_payment,PROLIFIC_PID,response_type,sce_1_n_red_urn,sce_2_n_red_urn,sce_3_n_red_urn,sce_4_n_red_urn,sce_5_n_red_urn,sce_6_n_red_urn,sce_7_n_red_urn,sce_8_n_red_urn,sce_9_n_red_urn,sce_1_n_blue_urn,sce_2_n_blue_urn,sce_3_n_blue_urn,sce_4_n_blue_urn,sce_5_n_blue_urn,sce_6_n_blue_urn,sce_7_n_blue_urn,sce_8_n_blue_urn,sce_9_n_blue_urn,sce_10_n_blue_urn,sce_11_n_blue_urn,sce_1_n_red_ball_red_urn,sce_2_n_red_ball_red_urn,sce_3_n_red_ball_red_urn,sce_4_n_red_ball_red_urn,sce_5_n_red_ball_red_urn,sce_6_n_red_ball_red_urn,sce_7_n_red_ball_red_urn,sce_8_n_red_ball_red_urn,sce_9_n_red_ball_red_urn,sce_1_n_blue_ball_red_urn,sce_2_n_blue_ball_red_urn,sce_3_n_blue_ball_red_urn,sce_4_n_blue_ball_red_urn,sce_5_n_blue_ball_red_urn,sce_6_n_blue_ball_red_urn,sce_7_n_blue_ball_red_urn,sce_8_n_blue_ball_red_urn,sce_9_n_blue_ball_red_urn,sce_10_n_blue_ball_red_urn,sce_11_n_blue_ball_red_urn,sce_1_rand_num_1,sce_1_rand_num_2,sce_1_rand_num_3,sce_2_rand_num_1,sce_2_rand_num_2,sce_2_rand_num_3,sce_3_rand_num_1,sce_3_rand_num_2,sce_3_rand_num_3,sce_4_rand_num_1,sce_4_rand_num_2,sce_4_rand_num_3,sce_5_rand_num_1,sce_5_rand_num_2,sce_5_rand_num_3,sce_6_rand_num_1,sce_6_rand_num_2,sce_6_rand_num_3,sce_7_rand_num_1,sce_7_rand_num_2,sce_7_rand_num_3,sce_8_rand_num_1,sce_8_rand_num_2,sce_8_rand_num_3,sce_9_rand_num_1,sce_9_rand_num_2,sce_9_rand_num_3,sce_10_rand_num_1,sce_10_rand_num_2,sce_10_rand_num_3,sce_11_rand_num_1,sce_11_rand_num_2,sce_11_rand_num_3,sce_1_urn_color,sce_2_urn_color,sce_3_urn_color,sce_4_urn_color,sce_5_urn_color,sce_6_urn_color,sce_7_urn_color,sce_8_urn_color,sce_9_urn_color,sce_10_urn_color,sce_11_urn_color,sce_1_ball_1_color,sce_2_ball_1_color,sce_3_ball_1_color,sce_4_ball_1_color,sce_5_ball_1_color,sce_6_ball_1_color,sce_7_ball_1_color,sce_8_ball_1_color,sce_9_ball_1_color,sce_10_ball_1_color,sce_11_ball_1_color,sce_1_ball_2_color,sce_2_ball_2_color,sce_3_ball_2_color,sce_4_ball_2_color,sce_5_ball_2_color,sce_6_ball_2_color,sce_7_ball_2_color,sce_8_ball_2_color,sce_9_ball_2_color,sce_10_ball_2_color,sce_11_ball_2_color,treatment,sce_1_guess_1,sce_1_guess_2,sce_1_guess_3,sce_2_guess_1,sce_2_guess_2,sce_2_guess_3,sce_3_guess_1,sce_3_guess_2,sce_3_guess_3,attn_check_1_correct_answer,attn_check_1_response,attn_check_1_pass,sce_4_guess_1,sce_4_guess_2,sce_4_guess_3,sce_5_guess_1,sce_5_guess_2,sce_5_guess_3,sce_6_guess_1,sce_6_guess_2,sce_6_guess_3,sce_7_guess_1,sce_7_guess_2,sce_7_guess_3,attn_check_2_correct_answer,attn_check_2_response,attn_check_2_pass,attn_check_both_failed,sce_8_guess_1,sce_8_guess_2,sce_8_guess_3,sce_9_guess_1,sce_9_guess_2,sce_9_guess_3,sce_1_q_1_bonus,sce_1_q_2_bonus,sce_1_q_3_bonus,sce_2_q_1_bonus,sce_2_q_2_bonus,sce_2_q_3_bonus,sce_3_q_1_bonus,sce_3_q_2_bonus,sce_3_q_3_bonus,sce_4_q_1_bonus,sce_4_q_2_bonus,sce_4_q_3_bonus,sce_5_q_1_bonus,sce_5_q_2_bonus,sce_5_q_3_bonus,sce_6_q_1_bonus,sce_6_q_2_bonus,sce_6_q_3_bonus,sce_7_q_1_bonus,sce_7_q_2_bonus,sce_7_q_3_bonus,sce_8_q_1_bonus,sce_8_q_2_bonus,sce_8_q_3_bonus,sce_9_q_1_bonus,sce_9_q_2_bonus,sce_9_q_3_bonus,sce_10_q_1_bonus,sce_10_q_2_bonus,sce_10_q_3_bonus,sce_11_q_1_bonus,sce_11_q_2_bonus,sce_11_q_3_bonus,sce_1_q_1_pay_method,sce_1_q_2_pay_method,sce_1_q_3_pay_method,sce_2_q_1_pay_method,sce_2_q_2_pay_method,sce_2_q_3_pay_method,sce_3_q_1_pay_method,sce_3_q_2_pay_method,sce_3_q_3_pay_method,sce_4_q_1_pay_method,sce_4_q_2_pay_method,sce_4_q_3_pay_method,sce_5_q_1_pay_method,sce_5_q_2_pay_method,sce_5_q_3_pay_method,sce_6_q_1_pay_method,sce_6_q_2_pay_method,sce_6_q_3_pay_method,sce_7_q_1_pay_method,sce_7_q_2_pay_method,sce_7_q_3_pay_method,sce_8_q_1_pay_method,sce_8_q_2_pay_method,sce_8_q_3_pay_method,sce_9_q_1_pay_method,sce_9_q_2_pay_method,sce_9_q_3_pay_method,sce_10_q_1_pay_method,sce_10_q_2_pay_method,sce_10_q_3_pay_method,sce_11_q_1_pay_method,sce_11_q_2_pay_method,sce_11_q_3_pay_method,request_info
"{""ImportId"":""startDate"",""timeZone"":""America/Denver""}","{""ImportId"":""endDate"",""timeZone"":""America/Denver""}","{""ImportId"":""status""}","{""ImportId"":""ipAddress""}","{""ImportId"":""progress""}","{""ImportId"":""duration""}","{""ImportId"":""finished""}","{""ImportId"":""recordedDate"",""timeZone"":""America/Denver""}","{""ImportId"":""_recordId""}","{""ImportId"":""recipientLastName""}","{""ImportId"":""recipientFirstName""}","{""ImportId"":""recipientEmail""}","{""ImportId"":""externalDataReference""}","{""ImportId"":""locationLatitude""}","{""ImportId"":""locationLongitude""}","{""ImportId"":""distributionChannel""}","{""ImportId"":""userLanguage""}","{""ImportId"":""QID230_FIRST_CLICK""}","{""ImportId"":""QID230_LAST_CLICK""}","{""ImportId"":""QID230_PAGE_SUBMIT""}","{""ImportId"":""QID230_CLICK_COUNT""}","{""ImportId"":""QID6""}","{""ImportId"":""QID281_TEXT""}","{""ImportId"":""QID231_FIRST_CLICK""}","{""ImportId"":""QID231_LAST_CLICK""}","{""ImportId"":""QID231_PAGE_SUBMIT""}","{""ImportId"":""QID231_CLICK_COUNT""}","{""ImportId"":""QID232_FIRST_CLICK""}","{""ImportId"":""QID232_LAST_CLICK""}","{""ImportId"":""QID232_PAGE_SUBMIT""}","{""ImportId"":""QID232_CLICK_COUNT""}","{""ImportId"":""QID233_FIRST_CLICK""}","{""ImportId"":""QID233_LAST_CLICK""}","{""ImportId"":""QID233_PAGE_SUBMIT""}","{""ImportId"":""QID233_CLICK_COUNT""}","{""ImportId"":""QID18_1""}","{""ImportId"":""QID234_FIRST_CLICK""}","{""ImportId"":""QID234_LAST_CLICK""}","{""ImportId"":""QID234_PAGE_SUBMIT""}","{""ImportId"":""QID234_CLICK_COUNT""}","{""ImportId"":""QID235_FIRST_CLICK""}","{""ImportId"":""QID235_LAST_CLICK""}","{""ImportId"":""QID235_PAGE_SUBMIT""}","{""ImportId"":""QID235_CLICK_COUNT""}","{""ImportId"":""QID236_FIRST_CLICK""}","{""ImportId"":""QID236_LAST_CLICK""}","{""ImportId"":""QID236_PAGE_SUBMIT""}","{""ImportId"":""QID236_CLICK_COUNT""}","{""ImportId"":""QID227_FIRST_CLICK""}","{""ImportId"":""QID227_LAST_CLICK""}","{""ImportId"":""QID227_PAGE_SUBMIT""}","{""ImportId"":""QID227_CLICK_COUNT""}","{""ImportId"":""QID237_FIRST_CLICK""}","{""ImportId"":""QID237_LAST_CLICK""}","{""ImportId"":""QID237_PAGE_SUBMIT""}","{""ImportId"":""QID237_CLICK_COUNT""}","{""ImportId"":""QID156""}","{""ImportId"":""QID157""}","{""ImportId"":""QID225""}","{""ImportId"":""QID238_FIRST_CLICK""}","{""ImportId"":""QID238_LAST_CLICK""}","{""ImportId"":""QID238_PAGE_SUBMIT""}","{""ImportId"":""QID238_CLICK_COUNT""}","{""ImportId"":""QID159""}","{""ImportId"":""QID160""}","{""ImportId"":""QID161""}","{""ImportId"":""QID162""}","{""ImportId"":""QID239_FIRST_CLICK""}","{""ImportId"":""QID239_LAST_CLICK""}","{""ImportId"":""QID239_PAGE_SUBMIT""}","{""ImportId"":""QID239_CLICK_COUNT""}","{""ImportId"":""QID10_1""}","{""ImportId"":""QID240_FIRST_CLICK""}","{""ImportId"":""QID240_LAST_CLICK""}","{""ImportId"":""QID240_PAGE_SUBMIT""}","{""ImportId"":""QID240_CLICK_COUNT""}","{""ImportId"":""QID30_1""}","{""ImportId"":""QID242_FIRST_CLICK""}","{""ImportId"":""QID242_LAST_CLICK""}","{""ImportId"":""QID242_PAGE_SUBMIT""}","{""ImportId"":""QID242_CLICK_COUNT""}","{""ImportId"":""QID38_1""}","{""ImportId"":""QID243_FIRST_CLICK""}","{""ImportId"":""QID243_LAST_CLICK""}","{""ImportId"":""QID243_PAGE_SUBMIT""}","{""ImportId"":""QID243_CLICK_COUNT""}","{""ImportId"":""QID41_1""}","{""ImportId"":""QID245_FIRST_CLICK""}","{""ImportId"":""QID245_LAST_CLICK""}","{""ImportId"":""QID245_PAGE_SUBMIT""}","{""ImportId"":""QID245_CLICK_COUNT""}","{""ImportId"":""QID49_1""}","{""ImportId"":""QID246_FIRST_CLICK""}","{""ImportId"":""QID246_LAST_CLICK""}","{""ImportId"":""QID246_PAGE_SUBMIT""}","{""ImportId"":""QID246_CLICK_COUNT""}","{""ImportId"":""QID52_1""}","{""ImportId"":""QID248_FIRST_CLICK""}","{""ImportId"":""QID248_LAST_CLICK""}","{""ImportId"":""QID248_PAGE_SUBMIT""}","{""ImportId"":""QID248_CLICK_COUNT""}","{""ImportId"":""QID60_1""}","{""ImportId"":""QID249_FIRST_CLICK""}","{""ImportId"":""QID249_LAST_CLICK""}","{""ImportId"":""QID249_PAGE_SUBMIT""}","{""ImportId"":""QID249_CLICK_COUNT""}","{""ImportId"":""QID63_1""}","{""ImportId"":""QID279_FIRST_CLICK""}","{""ImportId"":""QID279_LAST_CLICK""}","{""ImportId"":""QID279_PAGE_SUBMIT""}","{""ImportId"":""QID279_CLICK_COUNT""}","{""ImportId"":""QID276_1""}","{""ImportId"":""QID251_FIRST_CLICK""}","{""ImportId"":""QID251_LAST_CLICK""}","{""ImportId"":""QID251_PAGE_SUBMIT""}","{""ImportId"":""QID251_CLICK_COUNT""}","{""ImportId"":""QID71_1""}","{""ImportId"":""QID252_FIRST_CLICK""}","{""ImportId"":""QID252_LAST_CLICK""}","{""ImportId"":""QID252_PAGE_SUBMIT""}","{""ImportId"":""QID252_CLICK_COUNT""}","{""ImportId"":""QID74_1""}","{""ImportId"":""QID254_FIRST_CLICK""}","{""ImportId"":""QID254_LAST_CLICK""}","{""ImportId"":""QID254_PAGE_SUBMIT""}","{""ImportId"":""QID254_CLICK_COUNT""}","{""ImportId"":""QID82_1""}","{""ImportId"":""QID255_FIRST_CLICK""}","{""ImportId"":""QID255_LAST_CLICK""}","{""ImportId"":""QID255_PAGE_SUBMIT""}","{""ImportId"":""QID255_CLICK_COUNT""}","{""ImportId"":""QID85_1""}","{""ImportId"":""QID257_FIRST_CLICK""}","{""ImportId"":""QID257_LAST_CLICK""}","{""ImportId"":""QID257_PAGE_SUBMIT""}","{""ImportId"":""QID257_CLICK_COUNT""}","{""ImportId"":""QID93_1""}","{""ImportId"":""QID258_FIRST_CLICK""}","{""ImportId"":""QID258_LAST_CLICK""}","{""ImportId"":""QID258_PAGE_SUBMIT""}","{""ImportId"":""QID258_CLICK_COUNT""}","{""ImportId"":""QID96_1""}","{""ImportId"":""QID260_FIRST_CLICK""}","{""ImportId"":""QID260_LAST_CLICK""}","{""ImportId"":""QID260_PAGE_SUBMIT""}","{""ImportId"":""QID260_CLICK_COUNT""}","{""ImportId"":""QID104_1""}","{""ImportId"":""QID261_FIRST_CLICK""}","{""ImportId"":""QID261_LAST_CLICK""}","{""ImportId"":""QID261_PAGE_SUBMIT""}","{""ImportId"":""QID261_CLICK_COUNT""}","{""ImportId"":""QID107_1""}","{""ImportId"":""QID280_FIRST_CLICK""}","{""ImportId"":""QID280_LAST_CLICK""}","{""ImportId"":""QID280_PAGE_SUBMIT""}","{""ImportId"":""QID280_CLICK_COUNT""}","{""ImportId"":""QID278""}","{""ImportId"":""QID263_FIRST_CLICK""}","{""ImportId"":""QID263_LAST_CLICK""}","{""ImportId"":""QID263_PAGE_SUBMIT""}","{""ImportId"":""QID263_CLICK_COUNT""}","{""ImportId"":""QID115_1""}","{""ImportId"":""QID264_FIRST_CLICK""}","{""ImportId"":""QID264_LAST_CLICK""}","{""ImportId"":""QID264_PAGE_SUBMIT""}","{""ImportId"":""QID264_CLICK_COUNT""}","{""ImportId"":""QID118_1""}","{""ImportId"":""QID290""}","{""ImportId"":""QID291""}","{""ImportId"":""QID287""}","{""ImportId"":""QID288""}","{""ImportId"":""QID196_TEXT""}","{""ImportId"":""QID181_TEXT""}","{""ImportId"":""QID174""}","{""ImportId"":""QID176""}","{""ImportId"":""QID195""}","{""ImportId"":""QID195_4_TEXT""}","{""ImportId"":""QID177""}","{""ImportId"":""QID177_4_TEXT""}","{""ImportId"":""QID178""}","{""ImportId"":""QID180""}","{""ImportId"":""QID172""}","{""ImportId"":""QID266_FIRST_CLICK""}","{""ImportId"":""QID266_LAST_CLICK""}","{""ImportId"":""QID266_PAGE_SUBMIT""}","{""ImportId"":""QID266_CLICK_COUNT""}","{""ImportId"":""base_fee""}","{""ImportId"":""bonus_per_q""}","{""ImportId"":""max_bonus""}","{""ImportId"":""min_payment""}","{""ImportId"":""max_payment""}","{""ImportId"":""num_scenarios""}","{""ImportId"":""num_q_per_sce""}","{""ImportId"":""QSEDResponseID""}","{""ImportId"":""total_bonus""}","{""ImportId"":""total_payment""}","{""ImportId"":""PROLIFIC_PID""}","{""ImportId"":""response_type""}","{""ImportId"":""sce_1_n_red_urn""}","{""ImportId"":""sce_2_n_red_urn""}","{""ImportId"":""sce_3_n_red_urn""}","{""ImportId"":""sce_4_n_red_urn""}","{""ImportId"":""sce_5_n_red_urn""}","{""ImportId"":""sce_6_n_red_urn""}","{""ImportId"":""sce_7_n_red_urn""}","{""ImportId"":""sce_8_n_red_urn""}","{""ImportId"":""sce_9_n_red_urn""}","{""ImportId"":""sce_1_n_blue_urn""}","{""ImportId"":""sce_2_n_blue_urn""}","{""ImportId"":""sce_3_n_blue_urn""}","{""ImportId"":""sce_4_n_blue_urn""}","{""ImportId"":""sce_5_n_blue_urn""}","{""ImportId"":""sce_6_n_blue_urn""}","{""ImportId"":""sce_7_n_blue_urn""}","{""ImportId"":""sce_8_n_blue_urn""}","{""ImportId"":""sce_9_n_blue_urn""}","{""ImportId"":""sce_10_n_blue_urn""}","{""ImportId"":""sce_11_n_blue_urn""}","{""ImportId"":""sce_1_n_red_ball_red_urn""}","{""ImportId"":""sce_2_n_red_ball_red_urn""}","{""ImportId"":""sce_3_n_red_ball_red_urn""}","{""ImportId"":""sce_4_n_red_ball_red_urn""}","{""ImportId"":""sce_5_n_red_ball_red_urn""}","{""ImportId"":""sce_6_n_red_ball_red_urn""}","{""ImportId"":""sce_7_n_red_ball_red_urn""}","{""ImportId"":""sce_8_n_red_ball_red_urn""}","{""ImportId"":""sce_9_n_red_ball_red_urn""}","{""ImportId"":""sce_1_n_blue_ball_red_urn""}","{""ImportId"":""sce_2_n_blue_ball_red_urn""}","{""ImportId"":""sce_3_n_blue_ball_red_urn""}","{""ImportId"":""sce_4_n_blue_ball_red_urn""}","{""ImportId"":""sce_5_n_blue_ball_red_urn""}","{""ImportId"":""sce_6_n_blue_ball_red_urn""}","{""ImportId"":""sce_7_n_blue_ball_red_urn""}","{""ImportId"":""sce_8_n_blue_ball_red_urn""}","{""ImportId"":""sce_9_n_blue_ball_red_urn""}","{""ImportId"":""sce_10_n_blue_ball_red_urn""}","{""ImportId"":""sce_11_n_blue_ball_red_urn""}","{""ImportId"":""sce_1_rand_num_1""}","{""ImportId"":""sce_1_rand_num_2""}","{""ImportId"":""sce_1_rand_num_3""}","{""ImportId"":""sce_2_rand_num_1""}","{""ImportId"":""sce_2_rand_num_2""}","{""ImportId"":""sce_2_rand_num_3""}","{""ImportId"":""sce_3_rand_num_1""}","{""ImportId"":""sce_3_rand_num_2""}","{""ImportId"":""sce_3_rand_num_3""}","{""ImportId"":""sce_4_rand_num_1""}","{""ImportId"":""sce_4_rand_num_2""}","{""ImportId"":""sce_4_rand_num_3""}","{""ImportId"":""sce_5_rand_num_1""}","{""ImportId"":""sce_5_rand_num_2""}","{""ImportId"":""sce_5_rand_num_3""}","{""ImportId"":""sce_6_rand_num_1""}","{""ImportId"":""sce_6_rand_num_2""}","{""ImportId"":""sce_6_rand_num_3""}","{""ImportId"":""sce_7_rand_num_1""}","{""ImportId"":""sce_7_rand_num_2""}","{""ImportId"":""sce_7_rand_num_3""}","{""ImportId"":""sce_8_rand_num_1""}","{""ImportId"":""sce_8_rand_num_2""}","{""ImportId"":""sce_8_rand_num_3""}","{""ImportId"":""sce_9_rand_num_1""}","{""ImportId"":""sce_9_rand_num_2""}","{""ImportId"":""sce_9_rand_num_3""}","{""ImportId"":""sce_10_rand_num_1""}","{""ImportId"":""sce_10_rand_num_2""}","{""ImportId"":""sce_10_rand_num_3""}","{""ImportId"":""sce_11_rand_num_1""}","{""ImportId"":""sce_11_rand_num_2""}","{""ImportId"":""sce_11_rand_num_3""}","{""ImportId"":""sce_1_urn_color""}","{""ImportId"":""sce_2_urn_color""}","{""ImportId"":""sce_3_urn_color""}","{""ImportId"":""sce_4_urn_color""}","{""ImportId"":""sce_5_urn_color""}","{""ImportId"":""sce_6_urn_color""}","{""ImportId"":""sce_7_urn_color""}","{""ImportId"":""sce_8_urn_color""}","{""ImportId"":""sce_9_urn_color""}","{""ImportId"":""sce_10_urn_color""}","{""ImportId"":""sce_11_urn_color""}","{""ImportId"":""sce_1_ball_1_color""}","{""ImportId"":""sce_2_ball_1_color""}","{""ImportId"":""sce_3_ball_1_color""}","{""ImportId"":""sce_4_ball_1_color""}","{""ImportId"":""sce_5_ball_1_color""}","{""ImportId"":""sce_6_ball_1_color""}","{""ImportId"":""sce_7_ball_1_color""}","{""ImportId"":""sce_8_ball_1_color""}","{""ImportId"":""sce_9_ball_1_color""}","{""ImportId"":""sce_10_ball_1_color""}","{""ImportId"":""sce_11_ball_1_color""}","{""ImportId"":""sce_1_ball_2_color""}","{""ImportId"":""sce_2_ball_2_color""}","{""ImportId"":""sce_3_ball_2_color""}","{""ImportId"":""sce_4_ball_2_color""}","{""ImportId"":""sce_5_ball_2_color""}","{""ImportId"":""sce_6_ball_2_color""}","{""ImportId"":""sce_7_ball_2_color""}","{""ImportId"":""sce_8_ball_2_color""}","{""ImportId"":""sce_9_ball_2_color""}","{""ImportId"":""sce_10_ball_2_color""}","{""ImportId"":""sce_11_ball_2_color""}","{""ImportId"":""treatment""}","{""ImportId"":""sce_1_guess_1""}","{""ImportId"":""sce_1_guess_2""}","{""ImportId"":""sce_1_guess_3""}","{""ImportId"":""sce_2_guess_1""}","{""ImportId"":""sce_2_guess_2""}","{""ImportId"":""sce_2_guess_3""}","{""ImportId"":""sce_3_guess_1""}","{""ImportId"":""sce_3_guess_2""}","{""ImportId"":""sce_3_guess_3""}","{""ImportId"":""attn_check_1_correct_answer""}","{""ImportId"":""attn_check_1_response""}","{""ImportId"":""attn_check_1_pass""}","{""ImportId"":""sce_4_guess_1""}","{""ImportId"":""sce_4_guess_2""}","{""ImportId"":""sce_4_guess_3""}","{""ImportId"":""sce_5_guess_1""}","{""ImportId"":""sce_5_guess_2""}","{""ImportId"":""sce_5_guess_3""}","{""ImportId"":""sce_6_guess_1""}","{""ImportId"":""sce_6_guess_2""}","{""ImportId"":""sce_6_guess_3""}","{""ImportId"":""sce_7_guess_1""}","{""ImportId"":""sce_7_guess_2""}","{""ImportId"":""sce_7_guess_3""}","{""ImportId"":""attn_check_2_correct_answer""}","{""ImportId"":""attn_check_2_response""}","{""ImportId"":""attn_check_2_pass""}","{""ImportId"":""attn_check_both_failed""}","{""ImportId"":""sce_8_guess_1""}","{""ImportId"":""sce_8_guess_2""}","{""ImportId"":""sce_8_guess_3""}","{""ImportId"":""sce_9_guess_1""}","{""ImportId"":""sce_9_guess_2""}","{""ImportId"":""sce_9_guess_3""}","{""ImportId"":""sce_1_q_1_bonus""}","{""ImportId"":""sce_1_q_2_bonus""}","{""ImportId"":""sce_1_q_3_bonus""}","{""ImportId"":""sce_2_q_1_bonus""}","{""ImportId"":""sce_2_q_2_bonus""}","{""ImportId"":""sce_2_q_3_bonus""}","{""ImportId"":""sce_3_q_1_bonus""}","{""ImportId"":""sce_3_q_2_bonus""}","{""ImportId"":""sce_3_q_3_bonus""}","{""ImportId"":""sce_4_q_1_bonus""}","{""ImportId"":""sce_4_q_2_bonus""}","{""ImportId"":""sce_4_q_3_bonus""}","{""ImportId"":""sce_5_q_1_bonus""}","{""ImportId"":""sce_5_q_2_bonus""}","{""ImportId"":""sce_5_q_3_bonus""}","{""ImportId"":""sce_6_q_1_bonus""}","{""ImportId"":""sce_6_q_2_bonus""}","{""ImportId"":""sce_6_q_3_bonus""}","{""ImportId"":""sce_7_q_1_bonus""}","{""ImportId"":""sce_7_q_2_bonus""}","{""ImportId"":""sce_7_q_3_bonus""}","{""ImportId"":""sce_8_q_1_bonus""}","{""ImportId"":""sce_8_q_2_bonus""}","{""ImportId"":""sce_8_q_3_bonus""}","{""ImportId"":""sce_9_q_1_bonus""}","{""ImportId"":""sce_9_q_2_bonus""}","{""ImportId"":""sce_9_q_3_bonus""}","{""ImportId"":""sce_10_q_1_bonus""}","{""ImportId"":""sce_10_q_2_bonus""}","{""ImportId"":""sce_10_q_3_bonus""}","{""ImportId"":""sce_11_q_1_bonus""}","{""ImportId"":""sce_11_q_2_bonus""}","{""ImportId"":""sce_11_q_3_bonus""}","{""ImportId"":""sce_1_q_1_pay_method""}","{""ImportId"":""sce_1_q_2_pay_method""}","{""ImportId"":""sce_1_q_3_pay_method""}","{""ImportId"":""sce_2_q_1_pay_method""}","{""ImportId"":""sce_2_q_2_pay_method""}","{""ImportId"":""sce_2_q_3_pay_method""}","{""ImportId"":""sce_3_q_1_pay_method""}","{""ImportId"":""sce_3_q_2_pay_method""}","{""ImportId"":""sce_3_q_3_pay_method""}","{""ImportId"":""sce_4_q_1_pay_method""}","{""ImportId"":""sce_4_q_2_pay_method""}","{""ImportId"":""sce_4_q_3_pay_method""}","{""ImportId"":""sce_5_q_1_pay_method""}","{""ImportId"":""sce_5_q_2_pay_method""}","{""ImportId"":""sce_5_q_3_pay_method""}","{""ImportId"":""sce_6_q_1_pay_method""}","{""ImportId"":""sce_6_q_2_pay_method""}","{""ImportId"":""sce_6_q_3_pay_method""}","{""ImportId"":""sce_7_q_1_pay_method""}","{""ImportId"":""sce_7_q_2_pay_method""}","{""ImportId"":""sce_7_q_3_pay_method""}","{""ImportId"":""sce_8_q_1_pay_method""}","{""ImportId"":""sce_8_q_2_pay_method""}","{""ImportId"":""sce_8_q_3_pay_method""}","{""ImportId"":""sce_9_q_1_pay_method""}","{""ImportId"":""sce_9_q_2_pay_method""}","{""ImportId"":""sce_9_q_3_pay_method""}","{""ImportId"":""sce_10_q_1_pay_method""}","{""ImportId"":""sce_10_q_2_pay_method""}","{""ImportId"":""sce_10_q_3_pay_method""}","{""ImportId"":""sce_11_q_1_pay_method""}","{""ImportId"":""sce_11_q_2_pay_method""}","{""ImportId"":""sce_11_q_3_pay_method""}","{""ImportId"":""request_info""}"
2022-10-19 16:47:47,2022-10-19 16:58:18,IP Address,98.179.84.79,100,630,True,2022-10-19 16:58:18,R_2dtLKqLjVJzSPys,,,,,33.4669,-111.9151,anonymous,EN,6.852,6.852,8.285,1,"Yes, I consent to participate in this study",5e7b996210272308613b4665,0,0,24.633,0,0,0,46.219,0,28.85,28.85,30.357,1,50,0,0,25.303,0,0,0,11.217,0,,,,,,,,,3.686,17.607,19.1,5,,To provide your most accurate guess on the chance of the selected urn being red,2,,,,,,,,,4.154,35.974,37.242,2,50,7.45,11.207,12.464,2,70,13.2,17.961,19.569,2,90,6.736,6.736,8.148,1,50,23.583,25.35,26.534,2,70,2.6,5.536,6.555,2,85,15.622,15.622,16.567,1,60,2.086,5.317,6.495,2,40,17.738,17.738,20.05,1,10,3.706,21.501,22.536,4,80,2.352,9.502,10.611,3,30,20.601,21.782,22.746,2,40,8.965,11.906,12.737,3,20,7.845,7.845,9.048,1,20,7.75,12.035,12.929,3,5,6.989,6.989,8.414,1,30,5.986,7.846,9.859,2,10,6.51,6.51,8.069,1,blue,4.14,5.31,6.254,2,10,3.063,3.063,4.122,1,8,,,,,The chances out of ten it could have been.,,35-44 years old,"Some college credit, no degree",Woman,,White,,None of the above,"No, I understood everything",No,0,0,17.976,0,3,0.50,9,3,12,9,2,R_2dtLKqLjVJzSPys,8.5,11.5,5e7b996210272308613b4665,complete,5,9,7,6,8,4,2,3,1,5,1,3,4,2,6,8,7,9,,,6,7,9,8,7,6,6,7,8,4,3,1,2,3,4,4,3,2,,,3,6,1,9,8,5,6,4,9,8,3,3,4,10,5,10,1,5,8,2,10,4,7,8,6,4,2,,,,,,,red,red,red,blue,red,blue,blue,blue,blue,,,red,blue,red,blue,blue,blue,blue,blue,blue,,,red,red,red,blue,red,blue,red,red,blue,,,no_info,50,70,,90,50,,70,85,,10,10,1,60,40,,80,30,,40,20,,20,5,,blue,blue,1,,30,10,,10,8,,0.5,0.5,,0.5,0.5,,0.5,0.5,,0.5,0.5,,0.5,0.5,,0.5,0.5,,0.5,0,,0.5,0.5,,0.5,0.5,,,,,,,,event,lottery,,event,event,,event,event,,lottery,lottery,,event,lottery,,lottery,lottery,,lottery,lottery,,lottery,lottery,,lottery,lottery,,,,,,,,No
2022-10-19 17:03:00,2022-10-19 17:15:23,IP Address,74.77.4.161,100,743,True,2022-10-19 17:15:24,R_1jJs2SrOBsRhbzq,,,,,42.1471,-75.8816,anonymous,EN,1.887,1.887,2.502,1,"Yes, I consent to participate in this study",60fde5d89e4a23234cadb4f5,0,0,27.91,0,42.142,43.283,56.507,4,14.449,14.449,15.262,1,50,0,0,13.495,0,,,,,0,0,3.702,0,0,0,80.101,0,5.275,34.763,35.237,5,,To provide your most accurate guess on the chance of the selected urn being red,2,15.668,82.718,84.86,6,Payment on Event,$0,Payment on Lottery,70 out of 100 (70%),12.319,19.878,21.433,5,50,3.883,14.898,19.227,7,60,6.359,6.359,7.073,1,90,13.169,15.053,15.796,2,70,6.787,6.787,7.549,1,70,11.041,11.041,12.101,1,90,4.801,4.801,5.564,1,60,16.785,16.785,18.283,1,81,3.396,3.396,4.193,1,10,8.872,8.872,9.901,1,80,5.479,5.479,6.334,1,70,4.259,6.671,7.736,2,40,4.766,4.766,5.548,1,60,3.736,3.736,4.816,1,20,4.659,15.538,16.134,3,20,7.062,9.157,10.173,3,30,7.906,7.906,8.712,1,70,4.543,4.543,6.645,1,blue,8.76,8.76,9.901,1,10,10.841,19.141,19.969,5,80,,,,,I went based off how many urns were the selected color and then how many balls were in the urn of the suggested color,N/A,18-24 years old,"Some college credit, no degree",Woman,,Other,biracial,None of the above,"No, I understood everything",,0,0,7.923,0,3,0.50,9,3,12,9,2,R_1jJs2SrOBsRhbzq,5.5,8.5,60fde5d89e4a23234cadb4f5,complete,5,9,7,6,8,4,2,3,1,5,1,3,4,2,6,8,7,9,,,6,7,9,8,7,6,6,7,8,4,3,1,2,3,4,4,3,2,,,5,4,3,6,7,10,2,9,5,10,3,2,1,4,10,7,1,7,8,4,5,4,9,2,8,3,9,,,,,,,red,red,red,blue,red,blue,blue,blue,blue,,,red,red,red,blue,red,blue,blue,red,blue,,,red,blue,red,blue,blue,red,blue,blue,red,,,full_info,50,60,,90,70,,70,90,,10,10,1,60,81,,80,70,,40,60,,20,20,,blue,blue,1,,30,70,,10,80,,0.5,0.5,,0.5,0.5,,0,0.5,,0,0,,0.5,0.5,,0,0.5,,0.5,0,,0.5,0,,0.5,0,,,,,,,,event,lottery,,event,lottery,,lottery,event,,event,event,,event,event,,lottery,lottery,,lottery,lottery,,lottery,lottery,,lottery,event,,,,,,,,
2022-10-19 16:59:48,2022-10-19 17:20:58,IP Address,73.94.66.155,100,1270,True,2022-10-19 17:20:59,R_269AQtk7hMXthS5,,,,,45.128,-93.4586,anonymous,EN,6.097,6.097,7.702,1,"Yes, I consent to participate in this study",5eea49c09e6f8711b4cdf3bb,0,0,19.272,0,0,0,63.701,0,29.353,29.353,31.071,1,69,0,0,12.155,0,0,0,7.091,0,,,,,0,0,4.105,0,3.228,11.913,13.677,3,,To provide your most accurate guess on the chance of the selected urn being red,2,,,,,,,,,39.43,42.93,45.177,4,50,26.49,38.287,39.405,3,40,31.926,79.746,81.615,6,90,35.501,38.116,39.221,5,80,15.761,22.987,26.901,6,70,26.735,29.593,39.952,3,95,23.096,24.7,26.362,2,60,18.861,18.861,26.105,1,85,5.576,14.147,17.082,8,10,35.253,38.625,43.295,2,80,29.206,31.532,33.305,3,90,0.272,13.5,17.689,2,40,23.832,37.963,39.797,4,50,24.046,64.088,64.508,4,20,42.593,44.202,45.927,2,85,3.787,3.787,33.901,1,30,28.423,31.447,31.988,3,83,2.749,2.749,12.891,1,blue,5.625,5.625,12.871,1,10,28.673,30.712,31.801,4,97,,,,,"For the first guess, I just took the number of red urns and multiplied that by 10 to arrive at the percentage. For the second guess, depending on if a blue or red ball was drawn, I checked how many red or blue balls appeared in red urns, how many of that colored ball appeared in total, and took the percentage.","The prompt for each scenario implied there are three questions, but there are only two.",25-34 years old,Bachelor's degree,Man,,White,,Introductory Statistics/Probability,"No, I understood everything",Yes,0,0,24.869,0,3,0.50,9,3,12,9,2,R_269AQtk7hMXthS5,4.5,7.5,5eea49c09e6f8711b4cdf3bb,complete,5,9,7,6,8,4,2,3,1,5,1,3,4,2,6,8,7,9,,,6,7,9,8,7,6,6,7,8,4,3,1,2,3,4,4,3,2,,,7,5,9,10,5,5,7,7,8,2,7,6,1,3,4,6,9,6,6,3,3,7,3,4,6,3,9,,,,,,,blue,blue,red,red,red,blue,blue,blue,blue,,,blue,blue,red,red,red,red,blue,blue,blue,,,red,blue,red,red,red,blue,blue,blue,red,,,no_info,50,40,,90,80,,70,95,,10,10,1,60,85,,80,90,,40,50,,20,85,,blue,blue,1,,30,83,,10,97,,0.5,0,,0,0,,0.5,0.5,,0.5,0.5,,0.5,0.5,,0,0,,0,0.5,,0.5,0,,0,0,,,,,,,,lottery,event,,event,event,,event,event,,event,event,,event,event,,event,event,,lottery,lottery,,lottery,event,,lottery,event,,,,,,,,Yes
2022-10-19 16:58:10,2022-10-19 17:21:09,IP Address,68.231.14.143,100,1378,True,2022-10-19 17:21:09,R_2usUZV341dcuZN6,,,,,33.4793,-112.3121,anonymous,EN,4.64,4.64,5.623,1,"Yes, I consent to participate in this study",55a43cf3fdf99b02ff6cb0b4,9.705,20.546,75.65,2,5.133,19.319,188.556,3,4.247,38.188,40.957,3,75,2.573,9.151,29.493,2,,,,,2.76,9.346,11.613,2,4.524,18.19,91.092,2,16.904,49.39,50.953,3,,To provide your most accurate guess on the chance of the selected urn being red,2,43.508,137.054,148.561,5,Payment on Event,$0,Payment on Lottery,70 out of 100 (70%),25.191,25.591,32.042,2,50,13.342,13.342,15.269,1,40,24.338,28.115,36.19,2,90,14.235,14.235,15.671,1,60,15.1,15.1,15.871,1,70,16.687,29.082,30.569,2,90,21.39,21.39,23.163,1,60,15.58,15.58,19.09,1,40,7,9.924,11.501,2,10,9.964,9.964,12.517,1,80,16.901,16.901,20.87,1,50,15.168,15.168,16.265,1,40,10.65,10.65,11.762,1,35,8.695,8.695,9.792,1,20,17.851,17.851,18.932,1,25,15.351,15.351,17.28,1,30,9.675,9.675,12.053,1,30,13.807,13.807,19.453,1,blue,8.573,8.573,10.934,1,10,4.142,4.142,5.77,1,10,,,,,"My first guess was based simply on the proportion of red urns I knew there were. When I got the information about the ball color, I weighed how likely it was that I'd get that color ball if the urn was in fact red. Then I adjusted my percentage accordingly. In some cases when the chance of a red urn was low to begin with and there were a high percentage of blue balls in blue urns, if the ball was blue, I stayed with my guess for the red urn since that's what I would expect to see if the urns were mostly blue.",No other feedback. The survey instructions were clear.,45-54 years old,Master's degree,Woman,,Other,Biracial White and Black,"Introductory Statistics/Probability,Advanced Statistics/Probability Theory,Bayesian Inference/Bayesian Statistics","No, I understood everything",,0,0,58.904,0,3,0.50,9,3,12,9,2,R_2usUZV341dcuZN6,5.5,8.5,55a43cf3fdf99b02ff6cb0b4,complete,5,9,7,6,8,4,2,3,1,5,1,3,4,2,6,8,7,9,,,6,7,9,8,7,6,6,7,8,4,3,1,2,3,4,4,3,2,,,10,3,5,7,10,7,2,6,4,10,2,1,2,10,5,9,3,10,10,7,6,8,2,2,2,2,4,,,,,,,blue,red,red,blue,red,blue,blue,blue,blue,,,blue,blue,red,blue,blue,blue,red,blue,blue,,,blue,red,red,blue,red,red,blue,blue,blue,,,full_info,50,40,,90,60,,70,90,,10,10,1,60,40,,80,50,,40,35,,20,25,,blue,blue,1,,30,30,,10,10,,0,0.5,,0.5,0.5,,0.5,0.5,,0.5,0.5,,0.5,0,,0,0,,0.5,0.5,,0,0.5,,0,0,,,,,,,,lottery,lottery,,event,event,,event,event,,lottery,lottery,,event,lottery,,lottery,lottery,,lottery,lottery,,lottery,lottery,,lottery,lottery,,,,,,,,
2022-10-19 17:01:04,2022-10-19 17:22:10,IP Address,47.148.184.35,100,1265,True,2022-10-19 17:22:10,R_1eWP9dq88VoSjrJ,,,,,34.0349,-117.6185,anonymous,EN,27.166,27.166,27.986,1,"Yes, I consent to participate in this study",60ff7eff172d79384b6546b7,0,0,32.321,0,0,0,80.237,0,27.53,27.53,28.418,1,60,0,0,16.065,0,0,0,6.491,0,,,,,,,,,1.726,26.537,27.758,7,,To provide your most accurate guess on the chance of the selected urn being red,2,,,,,,,,,33.244,34.424,38.042,2,50,142.2,145.099,162.256,5,30,29.42,32.042,33.254,2,90,81.315,85.528,87.286,3,27,27.42,29.108,29.973,2,70,70.755,70.755,71.421,1,63,21.326,22.454,23.195,2,60,41.1,41.1,45.35,1,12,5.005,5.369,6.714,2,10,73.337,76.851,78.088,5,80,18.946,19.399,30.708,2,56,36.233,36.724,37.898,2,40,16.675,17.045,18.056,2,16,10.358,10.358,11.115,1,20,37.604,37.604,42.011,1,8,11.325,11.895,13.064,2,30,25.185,26.764,27.875,2,21,7.114,7.782,8.997,2,blue,14.9,14.9,15.956,1,10,30.06,30.506,31.698,2,2,,,,,"Conditional branching ",This was fun!,18-24 years old,Bachelor's degree,Woman,,Hispanic or Latino,,Introductory Statistics/Probability,"No, I understood everything",No,0,0,41.375,0,3,0.50,9,3,12,9,2,R_1eWP9dq88VoSjrJ,6,9,60ff7eff172d79384b6546b7,complete,5,9,7,6,8,4,2,3,1,5,1,3,4,2,6,8,7,9,,,6,7,9,8,7,6,6,7,8,4,3,1,2,3,4,4,3,2,,,4,4,2,6,9,3,6,6,5,7,5,4,7,7,5,5,6,5,6,5,5,10,9,8,4,1,5,,,,,,,red,red,red,blue,red,blue,blue,blue,blue,,,red,blue,red,blue,red,blue,blue,red,blue,,,red,red,red,blue,red,blue,blue,red,blue,,,no_info,50,30,,90,27,,70,63,,10,10,1,60,12,,80,56,,40,16,,20,8,,blue,blue,1,,30,21,,10,2,,0.5,0.5,,0.5,0,,0.5,0.5,,0,0.5,,0.5,0.5,,0.5,0.5,,0,0,,0,0,,0.5,0.5,,,,,,,,lottery,lottery,,event,lottery,,event,event,,event,lottery,,event,event,,lottery,lottery,,lottery,lottery,,lottery,event,,lottery,lottery,,,,,,,,No
2022-10-19 17:04:09,2022-10-19 17:22:33,IP Address,174.215.176.118,100,1104,True,2022-10-19 17:22:34,R_3dWIbQnFgBOSG8l,,,,,33.7485,-84.3871,anonymous,EN,2.136,11.772,12.434,12,"Yes, I consent to participate in this study",5fdcd8be3986cc281ac5952e,3.261,18.199,24.027,5,6.281,35.461,42.085,10,22.593,49.947,56.362,10,50,10.47,10.47,12.345,1,0,0,8.285,0,,,,,6.582,40.147,43.99,14,7.199,54.307,55.152,13,,To provide your most accurate guess on the chance of the selected urn being red,2,,,,,,,,,10.596,21.6,22.995,6,50,6.122,13.048,13.768,4,60,4.852,19.242,20.564,6,90,5.358,12.17,13.164,3,95,12.486,19.894,20.555,6,70,2.183,10.727,11.578,3,75,7.78,18.857,19.664,6,60,1.458,12.301,13.103,5,40,3.294,8.547,10.302,2,10,5.276,13.467,14.199,7,80,4.32,7.339,8.934,3,90,8.222,23.04,23.931,7,40,4.075,8.598,9.901,3,42,5.584,55.629,56.445,11,20,6.957,10.292,11.757,2,23,2.196,10.606,11.342,5,30,10.562,13.08,13.943,3,48,4.479,4.479,8.293,1,blue,7.506,12.5,13.692,6,10,1.15,13.928,14.932,7,17,,,,,"My answer to the first guess for each scenario was always based on simple ratios. If there are 2 red urns and 8 blue urns, for example, then it makes sense that there is a 20% chance that the urn will be red because it is 2 urns out of 10 total urns.

If the ball was red, then my second guess would raise the percentage a little bit. I didn't have a mathematical equation for this; it was more based on feeling.",Calling the containers urns is kind of creepy,18-24 years old,"Some college credit, no degree",Other (please specify),Questioning,White,,Introductory Statistics/Probability,"No, I understood everything",Yes,1.423,16.003,18.101,13,3,0.50,9,3,12,9,2,R_3dWIbQnFgBOSG8l,6.5,9.5,5fdcd8be3986cc281ac5952e,complete,5,9,7,6,8,4,2,3,1,5,1,3,4,2,6,8,7,9,,,6,7,9,8,7,6,6,7,8,4,3,1,2,3,4,4,3,2,,,3,4,10,8,2,7,7,3,6,9,4,10,2,3,6,2,5,5,2,5,7,10,10,2,1,6,1,,,,,,,red,red,red,blue,red,red,red,blue,red,,,red,red,red,blue,red,red,red,red,red,,,blue,red,red,red,red,red,blue,blue,red,,,no_info,50,60,,90,95,,70,75,,10,10,1,60,40,,80,90,,40,42,,20,23,,blue,blue,1,,30,48,,10,17,,0.5,0.5,,0.5,0.5,,0.5,0.5,,0.5,0,,0.5,0.5,,0.5,0.5,,0.5,0.5,,0,0,,0,0,,,,,,,,lottery,lottery,,event,event,,event,event,,lottery,event,,event,event,,event,lottery,,lottery,lottery,,lottery,lottery,,lottery,lottery,,,,,,,,Yes
2022-10-19 17:00:16,2022-10-19 17:26:26,IP Address,24.131.215.98,100,1569,True,2022-10-19 17:26:27,R_Yb7g6UfyhxzXGCJ,,,,,40.3371,-79.9901,anonymous,EN,1.871,1.871,2.728,1,"Yes, I consent to participate in this study",54a7516dfdf99b7cd759d22b,0,0,42.929,0,0,0,71.555,0,29.5,29.5,111.214,1,100,0,0,19.869,0,,,,,0,0,6.509,0,195.271,215.591,351.334,3,1.748,51.852,53.947,5,,To provide your most accurate guess on the chance of the selected urn being red,2,30.332,240.583,243.889,8,Payment on Event,$0,Payment on Lottery,70 out of 100 (70%),24.058,104.329,105.453,5,50,22.731,22.731,23.794,1,50,63.116,63.116,73.761,1,79,8.414,16.214,16.82,2,90,20.757,20.757,21.564,1,85,13.308,13.308,14.289,1,31,10.593,10.859,11.966,2,66,7.422,9.41,10.144,2,72,5.023,5.023,9.78,1,10,28.547,53.118,54.193,4,67,6.797,6.797,7.574,1,71,18.85,32.703,33.532,2,40,3.621,9.465,11.863,4,20,10.587,11.713,12.037,2,25,13.343,13.343,14.176,1,30,6.25,11.434,11.83,4,34,3.003,11.124,11.829,5,61,5.655,5.655,7.301,1,blue,8.52,11.331,12.191,2,15,5.681,11.933,12.542,2,5,,,,,i did guess mostly. i thought aboutr using a calculstor but changed my mind,thank you! lots of fun!,45-54 years old,"Some college credit, no degree",Woman,,Black or African American,,None of the above,Instructions about the payment rule,,0,0,12.884,0,3,0.50,9,3,12,9,2,R_Yb7g6UfyhxzXGCJ,5.5,8.5,54a7516dfdf99b7cd759d22b,complete,5,9,7,6,8,4,2,3,1,5,1,3,4,2,6,8,7,9,,,6,7,9,8,7,6,6,7,8,4,3,1,2,3,4,4,3,2,,,7,10,9,10,10,9,8,5,10,3,5,8,10,9,1,2,9,7,7,4,6,3,2,2,9,1,6,,,,,,,blue,blue,blue,red,blue,red,blue,red,blue,,,red,red,blue,red,red,blue,blue,red,blue,,,red,red,red,red,blue,blue,blue,red,blue,,,full_info,50,50,,79,90,,85,31,,10,10,1,66,72,,67,71,,40,20,,25,30,,blue,blue,1,,34,61,,15,5,,0,0,,0.5,0,,0,0.5,,0.5,0.5,,0,0,,0.5,0.5,,0.5,0.5,,0.5,0.5,,0.5,0,,,,,,,,event,lottery,,lottery,event,,event,lottery,,lottery,event,,event,event,,event,lottery,,lottery,lottery,,event,lottery,,lottery,lottery,,,,,,,,
2022-10-19 17:09:02,2022-10-19 17:27:51,IP Address,69.150.254.213,100,1128,True,2022-10-19 17:27:51,R_u4EyJFLoFpiDbCp,,,,,33.9588,-83.4384,anonymous,EN,2.502,2.502,3.621,1,"Yes, I consent to participate in this study",5f94df987e277732aa8e6080,0,0,17.026,0,0,0,36.562,0,22.033,23.231,24.862,2,100,0,0,7.887,0,,,,,0,0,3.29,0,0,0,59.931,0,5.516,33.537,35.75,4,,To provide your most accurate guess on the chance of the selected urn being red,2,10.591,105.799,113.834,6,Payment on Event,$0,Payment on Lottery,70 out of 100 (70%),81.501,81.501,83.28,1,64,38.697,51.652,53.278,2,68,22.228,28.871,30.65,3,90,10.2,12.337,14.162,4,34,33.331,36.263,38.311,2,70,10.8,15.3,17.181,3,30,45.291,46.723,47.533,2,65,6.701,6.701,10.475,1,17,7.027,10.046,13.052,2,10,20.464,23.594,24.96,3,86,6.661,7.246,10.779,2,17,34.125,35.009,36.789,2,41,5.396,8.612,10.174,2,64,66.28,72.009,73.839,4,20,4.727,4.727,7.546,1,58,11.66,13.809,15.772,3,36,8.347,8.347,10.773,1,11,23.639,23.639,28.721,1,blue,21.184,25.446,26.934,3,10,9.744,9.744,11.823,1,2,,,,,"I tried to account for how many red urns there was, the difference in red and blue balls and probability it would come from a red urn.....but I'm bad at probabilities. ",,25-34 years old,Master's degree,Woman,,White,,Introductory Statistics/Probability,"No, I understood everything",,0,0,22.211,0,3,0.50,9,3,12,9,2,R_u4EyJFLoFpiDbCp,4.5,7.5,5f94df987e277732aa8e6080,complete,5,9,7,6,8,4,2,3,1,5,1,3,4,2,6,8,7,9,,,6,7,9,8,7,6,6,7,8,4,3,1,2,3,4,4,3,2,,,2,2,8,1,9,8,10,9,10,7,1,1,3,10,9,3,4,6,4,9,9,5,4,9,7,8,5,,,,,,,red,red,blue,blue,red,red,blue,blue,blue,,,red,blue,blue,blue,blue,red,red,blue,blue,,,blue,blue,red,blue,blue,red,red,red,blue,,,full_info,64,68,,90,34,,70,30,,10,10,1,65,17,,86,17,,41,64,,20,58,,blue,blue,1,,36,11,,10,2,,0.5,0.5,,0.5,0.5,,0,0,,0,0,,0.5,0,,0.5,0.5,,0.5,0,,0,0.5,,0,0,,,,,,,,event,event,,event,lottery,,event,event,,event,lottery,,event,lottery,,lottery,lottery,,lottery,event,,event,lottery,,lottery,lottery,,,,,,,,
2022-10-19 17:12:33,2022-10-19 17:29:45,IP Address,172.58.216.96,100,1031,True,2022-10-19 17:29:45,R_ulyedVP02AYHlfz,,,,,41.8333,-71.4314,anonymous,EN,94.187,102.286,102.858,4,"Yes, I consent to participate in this study",5ffff3ac6fc9001772ea3312,17.836,17.836,26.306,1,18.14,33.513,46.831,2,17.251,24.569,25.05,3,80,0,0,11.352,0,,,,,0,0,5.716,0,44.689,75.6,90.353,5,2.106,14.554,15.11,7,,To provide your most accurate guess on the chance of the selected urn being red,2,9.346,64.32,64.928,18,Payment on Event,$0,Payment on Lottery,70 out of 100 (70%),23.98,41.296,45.868,9,50,16.094,18.352,20.265,2,20,38.394,44.801,45.636,4,90,24.023,25.536,25.914,2,66,4.06,10.371,10.864,4,70,17.547,23.49,23.877,2,88,8.798,14.692,15.025,2,60,29.39,32.156,32.606,3,32,3.878,3.878,5.445,1,10,19.72,27.994,28.305,3,80,2.477,17.094,17.614,4,65,4.818,11.08,11.546,4,40,2.889,15.985,16.498,3,50,2.524,10.177,11.15,5,20,22.655,25.333,25.769,3,15,7.333,13.733,14.65,3,31,1.719,12.957,13.362,2,51,2.082,3.494,7.764,2,blue,2.4,5.444,6.304,2,9,1.374,14.082,15.967,4,5,,,,,"Guessing the chance of the urn being red seemed easy enough: how many red urns are there out of 10 and turn that into a percentage.
Guessing the chance of it being red with whichever ball pick was much harder. I tried to calculate how many balls of the picked color each red urn had and create probability percentage based on that.",,25-34 years old,"Some college credit, no degree",Woman,,White,,None of the above,"No, I understood everything",,1.417,4.712,10.639,5,3,0.50,9,3,12,9,2,R_ulyedVP02AYHlfz,4.5,7.5,5ffff3ac6fc9001772ea3312,complete,5,9,7,6,8,4,2,3,1,5,1,3,4,2,6,8,7,9,,,6,7,9,8,7,6,6,7,8,4,3,1,2,3,4,4,3,2,,,8,3,10,1,10,3,6,3,1,10,7,2,9,1,6,3,2,2,8,10,5,2,1,6,4,2,4,,,,,,,blue,red,red,blue,blue,red,blue,red,blue,,,blue,blue,red,blue,blue,red,red,red,blue,,,red,red,red,blue,blue,red,blue,red,blue,,,full_info,50,20,,90,66,,70,88,,10,10,1,60,32,,80,65,,40,50,,20,15,,blue,blue,1,,31,51,,9,5,,0,0,,0.5,0.5,,0.5,0.5,,0,0,,0,0,,0.5,0.5,,0,0,,0.5,0.5,,0.5,0,,,,,,,,event,event,,event,event,,event,event,,event,lottery,,event,event,,lottery,event,,lottery,lottery,,lottery,event,,lottery,lottery,,,,,,,,
2022-10-19 17:07:44,2022-10-19 17:32:50,IP Address,173.73.24.37,100,1505,True,2022-10-19 17:32:50,R_12syG2wqSXEVMeq,,,,,39.0397,-77.1918,anonymous,EN,5.179,5.179,7.243,1,"Yes, I consent to participate in this study",60df9fdeab12699f246cab91,0,0,38.492,0,0,0,76.073,0,35.775,35.775,40.067,1,50,0,0,19.661,0,0,0,12.011,0,,,,,0,0,31.568,0,15.396,32.64,36.843,4,,To provide your most accurate guess on the chance of the selected urn being red,2,,,,,,,,,27.573,35.011,42.689,5,60,45.721,45.721,52.065,1,60,33.731,37.609,41.109,2,90,39.822,39.822,143.735,1,95,25.731,58.646,67.613,3,70,85.641,96.72,100.664,3,94,1.163,16.995,19.301,3,60,34.685,84.674,89.312,2,27,6.932,6.932,11.803,1,10,14.571,16.905,19.157,2,80,40.854,40.854,44.238,1,89,14.639,19.847,22.082,6,40,22.087,22.087,25.089,1,50,4.57,14.781,16.719,7,20,38.483,38.483,44.077,1,27,13.665,15.061,18.137,2,30,48.301,81.378,86.668,6,15,8.833,8.833,11.809,1,blue,11.844,14.892,18.497,3,10,23.8,23.8,27.126,1,31,,,,,"For first question, probability of red urn = number of red urns / number of urns (10).
For second question, probability of red urn = number of red balls in red urns / (total number of red balls).
(sometimes question was actually worded in terms of blue urn)","The instructions keep saying ""... The following 3 questions in this scenario are about this randomly selected urn."" but there are 2 questions",55-64 years old,Master's degree,Man,,White,,"Introductory Statistics/Probability,Advanced Statistics/Probability Theory,Bayesian Inference/Bayesian Statistics","No, I understood everything",Yes,0,0,24.725,0,3,0.50,9,3,12,9,2,R_12syG2wqSXEVMeq,7.5,10.5,60df9fdeab12699f246cab91,complete,5,9,7,6,8,4,2,3,1,5,1,3,4,2,6,8,7,9,,,6,7,9,8,7,6,6,7,8,4,3,1,2,3,4,4,3,2,,,7,8,4,2,3,9,3,1,3,8,1,8,1,4,4,7,8,7,3,10,6,5,1,7,2,9,2,,,,,,,blue,red,red,blue,red,blue,blue,blue,blue,,,red,red,red,blue,red,red,red,blue,red,,,blue,blue,red,blue,red,red,blue,blue,blue,,,no_info,60,60,,90,95,,70,94,,10,10,1,60,27,,80,89,,40,50,,20,27,,blue,blue,1,,30,15,,10,31,,0,0.5,,0.5,0.5,,0.5,0.5,,0.5,0.5,,0.5,0.5,,0,0.5,,0.5,0.5,,0,0.5,,0.5,0.5,,,,,,,,event,lottery,,event,event,,event,event,,lottery,lottery,,event,event,,lottery,lottery,,lottery,lottery,,event,lottery,,lottery,lottery,,,,,,,,Yes
2022-10-24 12:54:11,2022-10-24 12:56:00,Survey Preview,,100,109,True,2022-10-24 12:56:02,R_3symPqicInr9LQd,,,,,38.5442,-121.7252,preview,EN,2.506,2.506,3.467,1,"Yes, I consent to participate in this study",dsaf,0,0,1.963,0,0,0,0.901,0,0,0,0.983,0,,0,0,1.188,0,0,0,0.659,0,,,,,,,,,2.62,2.62,14.846,1,,,,,,,,,,,,0,0,1.636,0,,0,0,0.944,0,,0,0,0.965,0,,0,0,1.24,0,,0,0,1.241,0,,0,0,1.171,0,,0,0,0.906,0,,0,0,0.885,0,,0,0,0.411,0,,0,0,1.03,0,,0,0,0.788,0,,0,0,0.914,0,,0,0,0.871,0,,0,0,0.921,0,,0,0,1.039,0,,0,0,0.914,0,,0,0,0.786,0,,0,0,1.041,0,,,,,,,,,,,,,,,,,,,,,,,,,,,,,,,3,0.50,9,3,12,9,2,R_3symPqicInr9LQd,,,,,5,9,7,6,8,4,2,3,1,5,1,3,4,2,6,8,7,9,,,6,7,9,8,7,6,6,7,8,4,3,1,2,3,4,4,3,2,,,2,3,10,4,6,8,2,8,8,6,5,2,8,5,1,4,5,1,10,9,6,4,9,1,5,9,2,,,,,,,red,red,red,red,red,red,blue,blue,blue,,,red,red,red,red,red,red,red,red,red,,,blue,blue,red,red,red,red,blue,blue,blue,,,no_info,,,,,,,,,,10,,0,,,,,,,,,,,,,blue,,0,1,,,,,,,,,,,,,,,,,,,,,,,,,,,,,,,,,,,,,,,,,,,,,,,,,,,,,,,,,,,,,,,,,,,,,,,,,
2022-10-24 13:21:01,2022-10-24 13:31:14,IP Address,199.168.76.175,100,613,True,2022-10-24 13:31:14,R_85PfUABktWNfvyN,,,,,39.9564,-85.9651,anonymous,EN,1.458,1.458,2.124,1,"Yes, I consent to participate in this study",5a4c1ecaefd8df0001d34305,0,0,11.554,0,11.712,11.712,26.388,1,17.521,17.521,22.678,1,80,0,0,3.227,0,,,,,0,0,1.336,0,0,0,12.003,0,6.317,36.983,37.949,3,,To provide your most accurate guess on the chance of the selected urn being red,2,54.826,135.038,136.082,8,Payment on Event,$0,Payment on Lottery,70 out of 100 (70%),2.367,13.807,14.772,3,27,2.341,2.341,3.881,1,21,2.407,2.407,3.051,1,77,1.307,1.307,1.833,1,82,2.252,2.675,3.435,2,66,1.635,4.103,4.784,3,87,6.334,6.334,6.931,1,43,2.863,2.863,4.798,1,15,2.915,6.807,7.993,3,10,5.7,5.7,6.459,1,78,2.752,3.935,4.768,2,95,3.552,3.552,4.402,1,26,2.268,2.268,3.251,1,54,4.42,5.152,5.943,3,18,3.716,4.121,4.95,2,5,2.428,2.428,3.187,1,36,2.382,3.301,4.17,3,19,6.861,6.861,8.135,1,blue,1.493,1.835,2.555,2,6,3.317,3.317,4.066,1,40,Event Lottery,I win the bonus if the selected urn is red,Number Lottery,I win the bonus with 70% chance,"I tried to get a rough percentage based on the models I was sent, I didnt count each one but just a quick look through the urns and balls.",None,25-34 years old,"High school diploma, GED, or equivalent",Man,,White,,None of the above,"No, I understood everything",,0,0,89.769,0,3,0.50,9,3,12,9,2,R_85PfUABktWNfvyN,6,9,5a4c1ecaefd8df0001d34305,complete,5,9,7,6,8,4,2,3,1,5,1,3,4,2,6,8,7,9,,,6,7,9,8,7,6,6,7,8,4,3,1,2,3,4,4,3,2,,,1,5,9,1,10,9,1,2,5,10,7,9,5,3,9,7,8,5,6,3,3,7,3,1,9,10,2,,,,,,,red,red,red,blue,red,blue,blue,blue,blue,,,red,blue,red,blue,red,red,blue,blue,red,,,blue,blue,red,red,blue,blue,blue,blue,blue,,,full_info,27,21,,77,82,,66,87,,10,10,1,43,15,,78,95,,26,54,,18,5,,blue,blue,1,,36,19,,6,40,,0.5,0.5,,0.5,0.5,,0.5,0.5,,0,0,,0.5,0.5,,0.5,0,,0,0.5,,0,0.5,,0.5,0,,,,,,,,lottery,event,,event,event,,event,event,,event,lottery,,lottery,event,,lottery,event,,lottery,lottery,,lottery,lottery,,lottery,lottery,,,,,,,,
2022-10-24 13:21:44,2022-10-24 13:35:33,IP Address,71.29.4.207,100,828,True,2022-10-24 13:35:33,R_1eXZ4AJTK4KId4o,,,,,36.6482,-90.8094,anonymous,EN,3.169,10.059,11.097,5,"Yes, I consent to participate in this study",5615f0eb7ffc8a00128126f6,2.247,31.521,32.835,3,2.915,39.361,42.101,4,14.096,28.74,29.952,3,50,10.495,10.495,20.15,1,0,0,9.975,0,,,,,15.743,74.332,78.016,5,3.72,19.573,20.632,7,,To provide your most accurate guess on the chance of the selected urn being red,2,,,,,,,,,3.37,26.876,28.429,7,50,2.281,10.401,15.091,3,35,3.327,19.698,21.232,6,90,5.784,11.345,12.485,3,93,8.128,11.978,13.347,3,70,5.071,15.994,17.576,5,10,8.603,12.44,14.101,3,60,5.591,9.055,10.44,2,30,4.553,16.16,18.851,5,10,12.331,20.141,21.731,4,80,2.948,6.201,8.001,3,85,7.675,16.127,17.825,4,40,1.266,7.411,9.263,4,50,7.883,13.676,15.601,5,20,1.806,8.703,12.656,4,29,5.697,9.203,10.6,3,30,2.684,9.612,10.869,3,30,7.271,9.874,11.525,2,blue,6.231,11.001,13.248,4,10,3.411,7.1,13.675,3,4,,,,,"Well, first I just did basic probability. Example: 3 red urns out of 10 means 30%. Then I tried to up or lower it based on the color ball chosen while trying to keep in mind the proportion of red to blue balls in the urn based on that particular scenario.",N/a,25-34 years old,Bachelor's degree,Woman,,White,,Introductory Statistics/Probability,"No, I understood everything",Yes,10.691,35.235,39.283,5,3,0.50,9,3,12,9,2,R_1eXZ4AJTK4KId4o,6,9,5615f0eb7ffc8a00128126f6,complete,5,9,7,6,8,4,2,3,1,5,1,3,4,2,6,8,7,9,,,6,7,9,8,7,6,6,7,8,4,3,1,2,3,4,4,3,2,,,4,10,3,9,1,1,10,7,1,8,1,1,7,7,5,3,5,5,2,2,1,5,3,6,5,8,1,,,,,,,red,red,blue,blue,red,red,red,blue,blue,,,blue,red,blue,blue,red,red,red,blue,blue,,,red,red,blue,blue,red,red,red,blue,blue,,,no_info,50,35,,90,93,,70,10,,10,10,1,60,30,,80,85,,40,50,,20,29,,blue,blue,1,,30,30,,10,4,,0.5,0.5,,0.5,0.5,,0,0,,0,0.5,,0.5,0.5,,0.5,0.5,,0.5,0.5,,0.5,0,,0,0,,,,,,,,lottery,event,,event,event,,event,lottery,,lottery,lottery,,lottery,event,,event,lottery,,lottery,lottery,,lottery,event,,lottery,lottery,,,,,,,,Yes
2022-10-24 13:21:41,2022-10-24 13:36:00,IP Address,216.221.121.212,100,858,True,2022-10-24 13:36:00,R_3PjcULq3bubNgNa,,,,,48.2261,-101.2974,anonymous,EN,5.436,5.436,6.426,1,"Yes, I consent to participate in this study",6109096759364a18564d31a3,5.851,13.867,25.398,2,26.891,26.891,110.04,1,18.674,18.674,20.324,1,50,8.623,8.623,15.194,1,0,0,6.528,0,,,,,0,0,14.122,0,4.811,88.102,89.506,5,,To provide your most accurate guess on the chance of the selected urn being red,2,,,,,,,,,36.013,36.013,37.096,1,50,14.301,14.301,16.055,1,29,15.466,20.323,21.374,2,90,11.3,11.3,12.268,1,81,9.95,11.838,12.9,3,70,20.77,22.497,24.388,2,70,15.064,15.064,17.995,1,60,15.781,15.781,18.313,1,55,6.72,6.72,8.497,1,10,16.92,20.177,21.395,3,80,10.192,15.335,16.652,5,70,7.651,7.651,8.953,1,40,11.218,11.218,12.851,1,50,5.607,5.607,7.178,1,20,34.355,36.218,37.684,2,66,33.527,35.135,36.268,2,30,6.751,6.751,10.057,1,47,6.447,6.447,8.754,1,blue,9.072,10.153,11.276,2,10,12.378,13.689,15.582,2,74,,,,,I first went off of a quick guess depending on how many red vs. blue urns they were and after awhile I started to actually count to get the accurate number.,N/A,25-34 years old,"High school diploma, GED, or equivalent",Woman,,White,,None of the above,"No, I understood everything",Yes,0,0,29.164,0,3,0.50,9,3,12,9,2,R_3PjcULq3bubNgNa,5.5,8.5,6109096759364a18564d31a3,complete,5,9,7,6,8,4,2,3,1,5,1,3,4,2,6,8,7,9,,,6,7,9,8,7,6,6,7,8,4,3,1,2,3,4,4,3,2,,,6,4,3,6,3,1,1,10,2,3,6,5,5,4,9,6,4,4,10,5,10,2,8,8,1,9,4,,,,,,,blue,red,red,red,red,blue,blue,red,red,,,blue,red,blue,red,red,blue,blue,blue,blue,,,blue,red,red,red,blue,blue,red,blue,red,,,no_info,50,29,,90,81,,70,70,,10,10,1,60,55,,80,70,,40,50,,20,66,,blue,blue,1,,30,47,,10,74,,0,0,,0.5,0.5,,0.5,0.5,,0.5,0,,0.5,0.5,,0.5,0,,0.5,0,,0.5,0,,0,0.5,,,,,,,,event,event,,event,event,,lottery,lottery,,lottery,lottery,,event,event,,lottery,event,,lottery,event,,event,lottery,,lottery,event,,,,,,,,Yes
2022-10-24 13:20:55,2022-10-24 13:37:16,IP Address,98.29.33.56,100,981,True,2022-10-24 13:37:17,R_1Qym4APgbKzUBuB,,,,,39.5627,-84.2224,anonymous,EN,12.13,12.13,13.284,1,"Yes, I consent to participate in this study",60bae1ebe45be85442acce84,0,0,34.366,0,0,0,66.341,0,20.444,20.444,34.295,1,50,0,0,13.415,0,0,0,17.842,0,,,,,2.718,2.718,68.923,1,15.362,54.988,58.352,5,,To provide your most accurate guess on the chance of the selected urn being red,2,,,,,,,,,24.27,24.27,33.27,1,50,23.306,23.306,25.48,1,40,25.954,25.954,27.995,1,90,23.863,23.863,32.495,1,80,11.54,11.54,18.428,1,70,5.291,12.079,18.702,2,80,7.835,7.835,13.008,1,60,8.605,17.936,39.822,2,35,4.748,8.276,9.83,2,10,9.23,9.23,14.665,1,80,8.856,12.659,13.654,2,80,7.03,7.03,8.4,1,40,10.684,10.684,13.18,1,30,6.004,6.004,7.33,1,20,8.259,8.259,16.237,1,20,9.234,9.234,10.567,1,30,7.703,7.703,10.214,1,35,3.293,3.293,6.322,1,blue,5.797,5.797,7.128,1,10,6.022,6.022,7.619,1,10,,,,,"Well, the first one was easy: if 8/10 of the urns are red, there's an 80% chance the chosen urn is red. For the second question, I adjusted that up or down a little bit based on the color of the chosen ball and the ratio of balls in the urns. If 8/10 of the urns are red and 9/10 of the balls in the red urns are also red, and the chosen ball is blue, there's probably less of a likelihood that the chosen urn was red. How much I adjusted the second answer up or down was basically just a guess.","I don't, everything seemed fine to me. ",25-34 years old,"Some college credit, no degree",Non-binary,,White,,None of the above,"No, I understood everything",Yes,0,0,33.752,0,3,0.50,9,3,12,9,2,R_1Qym4APgbKzUBuB,5,8,60bae1ebe45be85442acce84,complete,5,9,7,6,8,4,2,3,1,5,1,3,4,2,6,8,7,9,,,6,7,9,8,7,6,6,7,8,4,3,1,2,3,4,4,3,2,,,6,3,5,10,5,7,5,8,9,1,9,2,9,8,2,8,6,5,7,2,4,7,8,8,6,6,2,,,,,,,blue,blue,red,red,blue,blue,blue,blue,blue,,,blue,blue,red,blue,red,blue,blue,red,blue,,,blue,blue,red,red,blue,blue,blue,red,blue,,,no_info,50,40,,90,80,,70,80,,10,10,1,60,35,,80,80,,40,30,,20,20,,blue,blue,1,,30,35,,10,10,,0,0.5,,0,0,,0.5,0.5,,0.5,0.5,,0.5,0,,0,0.5,,0.5,0,,0,0,,0.5,0.5,,,,,,,,event,lottery,,event,event,,lottery,event,,lottery,event,,lottery,event,,event,lottery,,lottery,lottery,,lottery,event,,lottery,lottery,,,,,,,,Yes
2022-10-24 13:21:59,2022-10-24 13:38:30,IP Address,72.207.50.102,100,990,True,2022-10-24 13:38:30,R_1gjxo5VcakymMpL,,,,,32.8466,-116.977,anonymous,EN,28.451,28.451,31.392,1,"Yes, I consent to participate in this study",5d51ffd641a6aa0019ca73df,0,0,43.417,0,0,0,227.465,0,21.619,21.619,23.125,1,50,0,0,10.88,0,,,,,0,0,7.818,0,0,0,97.17,0,5.426,36.393,38.21,5,,To provide your most accurate guess on the chance of the selected urn being red,2,15.387,35.272,36.777,4,Payment on Event,$0,Payment on Lottery,70 out of 100 (70%),21.693,24.348,27.83,2,50,11.196,28.439,30.505,2,33,13.822,13.822,14.722,1,70,8.18,8.18,10.615,1,66,13.073,13.073,14.782,1,70,3.004,5.587,6.554,2,66,5.452,5.452,6.487,1,60,4.457,4.457,6.073,1,33,4.865,4.865,6.661,1,10,6.08,6.08,7.657,1,80,4.715,4.715,5.637,1,66,5.102,5.102,7.425,1,40,10.292,10.292,11.825,1,66,5.401,5.401,6.824,1,20,4.13,4.13,5.38,1,66,4.584,4.584,5.61,1,30,11.563,11.563,12.92,1,33,7.659,7.659,11.821,1,blue,4.018,5.303,7.027,2,10,7.114,10.656,11.879,2,66,Number Lottery,I win the bonus with 20% chance,Event Lottery,I win the bonus if the selected urn is red,"My answer to the first question was based on the percentage of urns that were red.  My answer to the second question was 33% probability if the selected ball was blue, and 66% if it was red.",no,45-54 years old,Associate's degree,Man,,White,,Introductory Statistics/Probability,"No, I understood everything",,0,0,20.945,0,3,0.50,9,3,12,9,2,R_1gjxo5VcakymMpL,4,7,5d51ffd641a6aa0019ca73df,complete,5,9,7,6,8,4,2,3,1,5,1,3,4,2,6,8,7,9,,,6,7,9,8,7,6,6,7,8,4,3,1,2,3,4,4,3,2,,,8,6,10,7,3,7,2,2,9,4,10,1,9,8,2,5,8,1,7,2,1,10,7,6,4,8,9,,,,,,,blue,red,red,red,blue,blue,blue,blue,blue,,,blue,red,red,blue,red,red,blue,blue,blue,,,red,red,red,red,blue,blue,blue,blue,red,,,full_info,50,33,,70,66,,70,66,,10,10,1,60,33,,80,66,,40,66,,20,66,,blue,blue,1,,30,33,,10,66,,0.5,0,,0.5,0.5,,0.5,0.5,,0.5,0,,0,0,,0,0,,0.5,0,,0.5,0,,0,0,,,,,,,,lottery,event,,event,event,,event,event,,lottery,lottery,,event,event,,event,event,,lottery,event,,lottery,lottery,,lottery,event,,,,,,,,
2022-10-24 13:26:35,2022-10-24 13:38:52,IP Address,172.58.60.72,100,736,True,2022-10-24 13:38:52,R_294zX97LaA5BmpS,,,,,39.7501,-104.9957,anonymous,EN,5.983,32.35,33.184,11,"Yes, I consent to participate in this study",5e39068e0e532411b2adaa7b,2.08,87.074,109.066,12,0.979,93.019,101.187,12,0.753,10.205,17.682,4,100,0.757,4.121,10.865,2,0,0,3.701,0,,,,,,,,,1.624,32.28,32.985,13,,To provide your most accurate guess on the chance of the selected urn being red,2,,,,,,,,,0.831,44.697,45.528,15,50,4.291,10.282,11.726,5,65,0.455,14.4,15.46,7,75,0.713,3.781,4.877,3,44,0.585,7.238,8.063,5,60,1.018,7.337,8.185,2,65,0.656,28.57,29.355,6,75,0.508,8.182,8.901,4,55,4.64,4.64,7.372,1,10,0.642,10.673,11.369,5,65,0.881,4.388,4.902,2,80,0.44,5.144,5.857,4,45,0.457,4.502,5.285,2,50,0.545,16.188,17,4,36,0.422,4.143,4.894,2,45,0.66,11.613,12.363,4,55,0.286,2.696,3.335,2,45,4.727,4.727,6.367,1,blue,0.577,7.6,8.499,4,10,0.63,6.833,8.294,2,4,,,,,By the urns.,"None ",35-44 years old,"High school diploma, GED, or equivalent",Woman,,Black or African American,,None of the above,"No, I understood everything",No,15.931,25.205,32.768,11,3,0.50,9,3,12,9,2,R_294zX97LaA5BmpS,6,9,5e39068e0e532411b2adaa7b,complete,5,9,7,6,8,4,2,3,1,5,1,3,4,2,6,8,7,9,,,6,7,9,8,7,6,6,7,8,4,3,1,2,3,4,4,3,2,,,4,6,7,2,9,8,10,4,8,5,10,10,6,3,1,6,5,8,5,8,2,2,10,8,8,3,8,,,,,,,red,red,blue,red,red,blue,blue,red,blue,,,red,blue,blue,blue,red,blue,red,blue,blue,,,blue,blue,blue,blue,red,red,blue,blue,blue,,,no_info,50,65,,75,44,,60,65,,10,10,1,75,55,,65,80,,45,50,,36,45,,blue,blue,1,,55,45,,10,4,,0.5,0.5,,0.5,0.5,,0,0.5,,0.5,0.5,,0.5,0.5,,0,0,,0,0,,0.5,0.5,,0.5,0,,,,,,,,event,event,,event,event,,lottery,lottery,,lottery,event,,event,event,,event,event,,event,event,,event,lottery,,lottery,lottery,,,,,,,,No
2022-10-24 13:24:34,2022-10-24 13:40:52,IP Address,174.247.240.191,100,977,True,2022-10-24 13:40:52,R_2TKOgGSXcWElBXR,,,,,34.7448,-92.2883,anonymous,EN,11.125,14.292,15.717,2,"Yes, I consent to participate in this study",5751d7ab330ae900070385c2,17.775,45.941,48.362,4,11.764,54.714,57.177,5,1.783,23.386,25.932,3,100,3.029,11.17,11.905,2,0,0,12.93,0,,,,,,,,,1.741,14.732,15.541,8,,To provide your most accurate guess on the chance of the selected urn being red,2,,,,,,,,,6.762,67.749,69.093,10,50,15.506,22.071,35.459,3,75,5.474,23.379,25.162,3,90,11.312,15.025,18.069,2,95,42.005,56.63,57.31,9,70,11.848,25.179,25.855,3,94,24.997,30.744,31.708,3,60,1.895,10.708,11.623,2,85,6.1,6.1,8.256,1,10,20.549,43.146,43.939,10,80,8.252,38.099,38.995,2,30,1.7,8.562,9.516,4,40,2.092,78.048,91.554,8,55,2.364,7.628,8.429,4,20,6.364,30.944,31.468,3,26,3.883,7.945,8.83,3,30,7.83,10.5,12.138,3,19,13.509,13.509,19.429,1,blue,1.667,8.932,11.6,4,10,9.181,16,18.119,3,90,,,,,"I went with basic probability for the first one, then adjusted for the second ",No,25-34 years old,"Some college credit, no degree",Woman,,White,,None of the above,"No, I understood everything",No,5.908,11.393,26.879,2,3,0.50,9,3,12,9,2,R_2TKOgGSXcWElBXR,7,10,5751d7ab330ae900070385c2,complete,5,9,7,6,8,4,2,3,1,5,1,3,4,2,6,8,7,9,,,6,7,9,8,7,6,6,7,8,4,3,1,2,3,4,4,3,2,,,10,5,2,7,5,3,1,9,1,5,8,6,4,8,3,1,5,7,5,2,6,10,3,2,1,5,2,,,,,,,blue,red,red,red,red,red,blue,blue,red,,,blue,red,red,red,blue,red,blue,blue,red,,,blue,red,red,red,red,blue,blue,blue,red,,,no_info,50,75,,90,95,,70,94,,10,10,1,60,85,,80,30,,40,55,,20,26,,blue,blue,1,,30,19,,10,90,,0,0.5,,0.5,0.5,,0.5,0.5,,0.5,0.5,,0.5,0.5,,0.5,0.5,,0.5,0,,0.5,0,,0,0.5,,,,,,,,event,lottery,,lottery,event,,event,event,,event,event,,event,event,,lottery,event,,lottery,event,,lottery,lottery,,lottery,event,,,,,,,,No
2022-10-24 13:22:05,2022-10-24 13:41:14,IP Address,12.155.61.114,100,1149,True,2022-10-24 13:41:15,R_3FP5IbEF7wnlEpH,,,,,25.9585,-80.1381,anonymous,EN,0.487,1.281,2.001,2,"Yes, I consent to participate in this study",5bf350a017a7de0001cf746a,7.644,9.999,23.401,3,18.136,52.182,55.354,6,32.541,32.541,33.901,1,65,47.839,47.839,172.345,1,0,0,4.801,0,,,,,,,,,2.115,12.157,12.501,6,,To provide your most accurate guess on the chance of the selected urn being red,2,,,,,,,,,1.731,10.044,12.679,4,50,1.567,39.835,61.855,3,40,1.359,5.417,8.693,4,90,1.115,7.286,8.005,3,80,19.85,25.052,25.601,5,70,0.591,5.2,5.75,3,80,5.112,9.701,10.67,3,60,194.116,204.027,204.976,6,75,3.023,3.023,4.401,1,10,8.36,18.653,19.175,6,80,1.054,5.35,5.841,2,85,1.038,5.049,5.674,5,40,0.72,7.282,7.84,5,50,0.608,2.679,3.545,4,20,0.622,10.458,10.985,3,25,0.468,3.626,4.149,5,30,2.697,4.374,5.104,3,40,4.935,4.935,6.701,1,blue,1.7,5.801,7.587,5,10,2.041,7.001,7.602,3,10,,,,,"My initial guess was purely mathematical. Out of 10 urns, whatever number of red urns there were was my guess. My second guess relied more on the ball being drawn and the composition of the urns. ",N/A,25-34 years old,Bachelor's degree,Man,,Hispanic or Latino,,"Introductory Statistics/Probability,Advanced Statistics/Probability Theory","No, I understood everything",No,2.465,12.449,15.166,7,3,0.50,9,3,12,9,2,R_3FP5IbEF7wnlEpH,6.5,9.5,5bf350a017a7de0001cf746a,complete,5,9,7,6,8,4,2,3,1,5,1,3,4,2,6,8,7,9,,,6,7,9,8,7,6,6,7,8,4,3,1,2,3,4,4,3,2,,,9,6,9,10,3,5,3,4,6,1,1,8,2,1,3,3,5,6,4,9,6,1,5,2,4,6,4,,,,,,,blue,blue,red,red,red,red,blue,red,blue,,,blue,blue,red,red,red,red,red,red,blue,,,red,blue,red,red,red,red,blue,red,blue,,,no_info,50,40,,90,80,,70,80,,10,10,1,60,75,,80,85,,40,50,,20,25,,blue,blue,1,,30,40,,10,10,,0.5,0.5,,0,0,,0.5,0.5,,0.5,0.5,,0.5,0.5,,0.5,0.5,,0.5,0,,0,0.5,,0,0.5,,,,,,,,lottery,lottery,,event,event,,event,event,,event,event,,event,lottery,,lottery,event,,lottery,lottery,,lottery,event,,lottery,lottery,,,,,,,,No
2022-10-24 13:21:42,2022-10-24 13:46:17,IP Address,99.117.81.171,100,1474,True,2022-10-24 13:46:17,R_3rNkZyp8oxdhjqx,,,,,32.7822,-97.4969,anonymous,EN,2.042,2.042,2.932,1,"Yes, I consent to participate in this study",62b9be2d34a053c8a3c0df16,1.58,1.58,5.501,1,24.217,68.584,77.048,4,0.928,41.56,42.685,6,55,0,0,10.126,0,,,,,0,0,2.624,0,71.516,127.124,151.735,3,4.155,60.264,63.422,5,,To provide your most accurate guess on the chance of the selected urn being red,2,21.145,219.533,220.432,15,Payment on Event,$0,Payment on Lottery,70 out of 100 (70%),3.153,53.549,54.133,8,50,12.629,12.629,29.859,1,61,33.122,33.122,35.087,1,90,11.922,11.922,12.661,1,80,146.929,164.039,164.973,2,70,1.786,8.927,9.863,4,92,5.312,30.457,31.712,2,60,5.673,5.673,7.984,1,81,2.994,5.047,6.865,3,10,3.233,22.076,22.77,2,75,14.332,14.332,15.055,1,86,22.606,25.236,26.089,2,40,11.176,11.176,11.74,1,50,5.904,11.419,12.691,2,20,12.693,32.465,32.976,2,30,3.597,3.597,4.655,1,30,5.534,5.534,6.612,1,20,3.705,5.982,7.256,2,blue,7.64,7.64,8.76,1,10,19.038,19.038,19.846,1,8,Number Lottery,I win the bonus with 20% chance,Event Lottery,I win the bonus if the selected urn is red,"I made my guesses based completely on the actual percentage I believed it could be. If there were 2 out of 10 urns that were red, my first guess would be 20%. If it turned out the ball was red, my second guess would be an increase to that percentage and vice versa. I did not count all the balls individually to come up with my guess, but I was trying to get very close to the actually probability.",None,25-34 years old,Bachelor's degree,Man,,White,,Introductory Statistics/Probability,"No, I understood everything",,13.043,39.521,40.266,4,3,0.50,9,3,12,9,2,R_3rNkZyp8oxdhjqx,8,11,62b9be2d34a053c8a3c0df16,complete,5,9,7,6,8,4,2,3,1,5,1,3,4,2,6,8,7,9,,,6,7,9,8,7,6,6,7,8,4,3,1,2,3,4,4,3,2,,,4,3,1,1,10,9,4,8,7,5,3,5,3,4,6,2,4,10,6,8,6,8,6,9,9,6,1,,,,,,,red,red,red,red,red,red,blue,blue,blue,,,red,blue,red,red,red,red,red,blue,blue,,,red,blue,red,red,red,blue,blue,red,blue,,,full_info,50,61,,90,80,,70,92,,10,10,1,60,81,,75,86,,40,50,,20,30,,blue,blue,1,,30,20,,10,8,,0.5,0.5,,0.5,0.5,,0.5,0.5,,0.5,0.5,,0.5,0.5,,0.5,0.5,,0.5,0.5,,0,0.5,,0.5,0,,,,,,,,event,lottery,,event,event,,event,event,,event,event,,event,event,,event,lottery,,lottery,lottery,,lottery,lottery,,lottery,lottery,,,,,,,,
2022-10-24 13:21:19,2022-10-24 14:31:02,IP Address,71.190.213.130,100,4182,True,2022-10-24 14:31:02,R_YQXVI7g3J65KANP,,,,,40.6295,-74.0938,anonymous,EN,34.883,37.461,38.601,3,"Yes, I consent to participate in this study",5bb427baa60c86000160cd5e,1.863,14.155,15.979,2,26.293,46.144,46.9,7,2.127,10.729,11.893,2,79,1.804,1.804,3.1,1,,,,,0,0,1.071,0,1.7,1214.674,1215.815,8,1.673,78.386,79.898,9,,To provide your most accurate guess on the chance of the selected urn being red,2,22.388,133.081,133.922,17,Payment on Event,$0,Payment on Lottery,70 out of 100 (70%),7.924,13.504,14.621,5,58,1.352,8.395,9.589,4,19,1.912,8.501,9.444,3,73,3.018,6.434,7.001,5,75,1.877,6.551,7.401,4,68,1.106,4.965,5.9,3,61,1.123,3.7,4.873,3,51,0.501,1.844,2.7,2,53,3.958,3.958,5.399,1,10,2.032,4.285,5.06,3,73,0.104,1.801,6.002,2,72,0.648,12.379,13.302,6,15,0.952,4.772,5.601,4,21,1.432,9.022,9.802,5,50,0.59,2.94,4.042,3,50,0.465,5.701,6.99,4,15,1.048,4.168,5.672,3,13,2.915,4.365,5.984,2,blue,0.527,2.682,3.895,2,15,0.509,2.271,3.101,2,79,Number Lottery,I win the bonus if the selected urn is red,Event Lottery,I win the bonus with 70% chance,based on the colors in the urns.,,35-44 years old,Bachelor's degree,Woman,,White,,None of the above,"No, I understood everything",,4.02,11.671,16.348,10,3,0.50,9,3,12,9,2,R_YQXVI7g3J65KANP,5.5,8.5,5bb427baa60c86000160cd5e,complete,5,9,7,6,8,4,2,3,1,5,1,3,4,2,6,8,7,9,,,6,7,9,8,7,6,6,7,8,4,3,1,2,3,4,4,3,2,,,6,2,6,9,5,3,9,4,4,1,6,5,10,3,4,3,7,4,9,9,8,4,2,4,8,4,1,,,,,,,blue,red,blue,red,blue,red,blue,blue,blue,,,blue,red,blue,red,blue,blue,red,blue,blue,,,blue,red,blue,red,blue,red,red,blue,blue,,,full_info,58,19,,73,75,,68,61,,10,10,1,51,53,,73,72,,15,21,,50,50,,blue,blue,1,,15,13,,15,79,,0,0.5,,0.5,0.5,,0,0,,0.5,0.5,,0,0.5,,0,0.5,,0,0.5,,0.5,0.5,,0,0.5,,,,,,,,event,lottery,,event,event,,event,event,,event,event,,event,lottery,,lottery,lottery,,lottery,lottery,,lottery,lottery,,lottery,lottery,,,,,,,,
2022-10-24 14:30:14,2022-10-24 14:54:00,IP Address,174.70.131.241,100,1426,True,2022-10-24 14:54:01,R_1qaIbApIPiOwcJP,,,,,37.6257,-97.3142,anonymous,EN,20.144,20.144,21.302,1,"Yes, I consent to participate in this study",6143af8721d1445864c4f6c8,0,0,52.52,0,59.519,68.82,148.355,2,9.146,55.239,66.108,2,76,0,0,32.676,0,,,,,0,0,16.957,0,14.474,14.474,131.902,1,6.981,89.474,91.401,3,,To provide your most accurate guess on the chance of the selected urn being red,2,66.851,217.593,236.016,5,Payment on Event,$0,Payment on Lottery,70 out of 100 (70%),57.546,98.436,103.713,7,50,26.356,26.356,32.461,1,30,13.528,21.885,23.233,3,87,10.573,10.573,12.2,1,92,8.427,8.427,10.269,1,61,8.917,8.917,11.663,1,64,6.318,6.318,8.033,1,42,5.015,5.015,7.323,1,44,11.445,11.445,13.221,1,10,6.649,6.649,10.676,1,74,8.411,8.411,10.472,1,72,6.715,7.394,9.147,2,38,5.993,5.993,7.069,1,24,4.452,4.452,5.646,1,18,5.293,5.293,6.487,1,23,6.183,6.183,7.831,1,25,5.476,5.476,6.448,1,34,8.876,8.876,11.556,1,blue,5.675,5.675,12.44,1,7,4.338,4.338,6.095,1,7,Number Lottery,I win the bonus with 20% chance,Event Lottery,I win the bonus with 70% chance,Tried to use my best guess to come up with a percentage.  Not really much more to it.,Have a good day.,45-54 years old,"Some high school, no diploma",Man,,White,,None of the above,"No, I understood everything",,0,0,29.126,0,3,0.50,9,3,12,9,2,R_1qaIbApIPiOwcJP,7,10,6143af8721d1445864c4f6c8,complete,5,9,7,6,8,4,2,3,1,5,1,3,4,2,6,8,7,9,,,6,7,9,8,7,6,6,7,8,4,3,1,2,3,4,4,3,2,,,8,6,2,9,10,6,1,5,1,1,2,4,7,3,4,6,4,10,1,9,3,8,10,4,9,9,8,,,,,,,blue,red,red,red,red,blue,red,blue,blue,,,blue,blue,red,red,red,blue,blue,red,red,,,blue,red,red,red,red,red,red,blue,blue,,,full_info,50,30,,87,92,,61,64,,10,10,1,42,44,,74,72,,38,24,,18,23,,blue,blue,1,,25,34,,7,7,,0,0.5,,0.5,0.5,,0.5,0.5,,0.5,0.5,,0.5,0.5,,0,0.5,,0.5,0,,0,0.5,,0.5,0.5,,,,,,,,lottery,lottery,,event,event,,event,lottery,,event,lottery,,event,event,,event,lottery,,lottery,lottery,,event,lottery,,lottery,lottery,,,,,,,,
